best_fitness,runtime_ms,vector
10784,0,-284.345 468.382 -400.835 157.242 -88.0614 -39.0314 -441.967 -473.415 -34.931 -232.068 286.739 -19.6562 273.834 -253.838 -190.021 -399.635 -136.326 -89.2998 344.19 -265.791 472.944 446.801 -455.644 -227.255 119.568 85.2896 -160.932 -50.8687 -387.426 256.129
10530.7,0,250.572 -432.657 453.54 -87.5301 -142.162 137.055 507.509 -439.936 274.687 -201.402 -351.284 -102.516 262.119 254.282 167.599 431.762 -69.0848 166.75 168.635 321.832 -430.554 -421.403 352.817 491.105 202.677 354.969 -448.458 -110.542 347.426 -156.541
10728.3,0,256.515 511.139 -195.239 479.141 485.49 -454.493 416.134 123.96 -194.44 336.467 4.48773 386.043 55.8677 -106.555 -367.885 -390.027 -47.9562 138.268 -379.302 -267.502 -59.07 323.805 -468.909 222.971 -182.883 -159.843 -309.358 348.503 -453.904 324.386
9029.5,0,-308.839 44.9835 -426.384 -464.98 23.6637 -54.9239 70.0739 72.1913 296.478 308.846 -425.923 133.979 -457.733 324.396 -52.7001 -57.0136 104.597 -109.885 135.818 284.684 98.2327 -184.873 506.752 259.823 -247.146 -484.003 355.933 -70.0113 287.53 -396.578
9947.3,0,12.4752 -83.5477 -215.114 -172.512 -95.6529 -430.438 125.889 41.2083 103.866 -187.244 17.657 339.108 -390.195 -389.127 494.119 226.624 43.6113 -478.501 358.881 -234.399 -222.838 193.914 -443.65 -487.37 309.588 360.124 256.177 194.842 63.9286 -406.551
9089.93,0,-79.1143 -444.396 498.606 123.326 -173.357 202.364 331.891 -449.563 -176.289 6.07172 81.0924 -424.775 -494.296 491.048 107.618 347.905 225.218 303.676 344.601 -418.043 337.813 -467.743 264.333 -222.051 319.926 308.926 316.44 -488.273 -284.772 -152.184
10720.7,0,132.68 19.8008 477.336 -82.6565 -165.278 15.3174 194.237 -93.138 -22.856 -430.208 72.3707 -206.667 -228.029 -436.401 -435.581 -269.89 -353.239 -86.9632 -98.7948 65.2145 498.314 88.6611 126.994 -97.4179 -168.613 -495.71 72.4211 -436.816 11.9302 507.522
11109.1,0,-428.67 -227.59 -184.813 186.13 73.1711 34.2922 -183.648 125.901 11.7436 -426.841 -191.012 341.605 -202.139 206.473 473.635 112.425 -376.048 -106.205 302.957 -483.14 351.126 -309.147 -475.796 172.265 -84.0797 -347.017 -64.7221 -259.804 -365.692 -271.716
9991.42,0,-361.883 234.068 209.668 -422.258 511.297 -197.493 -67.2198 476.75 1.61053 -265.376 274.344 -72.5321 495.017 -72.2607 -158.395 -446.111 93.8021 -139.769 -479.212 -432.075 179.092 -210.265 148.533 277.091 -221.117 -64.4283 -492.431 -195.274 284.302 240.394
10371.1,0,-379.94 -99.5396 -28.1552 273.697 -363.136 -14.5895 -230.813 164.293 133.877 282.364 215.45 291.969 -101.624 452.015 -469.601 -169.713 -382.24 -417.481 68.862 386.163 -205.445 -393.328 56.3028 312.284 134.395 -138.095 -55.1476 -300.047 -458.977 290.638
9842.12,0,345.666 14.8755 -96.8277 -415.034 103.672 113.779 -471.627 -439.227 498.423 -324.551 -177.809 -71.6977 125.909 -89.9633 -353.639 271.917 -437.047 219.822 -265.955 -238.837 339.878 315.229 72.5068 279.359 -59.4962 -69.1009 -0.111633 291.663 14.553 -242.386
10984.4,0,81.9672 -212.44 128.883 -449.188 66.7908 -454.357 362.076 -439.044 -356.079 -440.227 486.429 258.42 459.814 -441.146 50.9755 363.058 -6.8602 217.361 122.965 280.842 -490.425 -483.019 102.061 135.425 -123.733 -453.97 46.1756 -508.493 94.8074 -318.065
10107.4,0,-23.6165 -487.874 -393.209 -150.123 188.895 -53.4127 -116.663 -409.228 -491.806 -411.477 61.838 -491.356 85.2775 -439.137 88.8212 8.46271 41.0644 -72.3793 23.6578 -448.831 -432.789 117.174 11.3502 43.946 -62.5179 -415.383 356.8 -362.233 -381.87 -134.028
9880.9,0,-182.632 251.768 -440.164 -53.9642 -223.068 -382.754 505.375 -476.725 360.826 -394.616 489.623 223.099 257.655 292.303 -182.594 -374.011 -248.772 346.37 312.002 -90.7308 185.076 -403.892 -160.686 -416.538 328.326 402.906 43.9001 470.608 140.669 391.12
10891.2,0,66.2488 139.825 -191.702 -440.329 -423.011 -419.078 -40.9101 -295.254 -455.761 -358.318 -181.2 -352.991 22.8444 326.271 -5.59311 124.422 -93.9252 -320.935 -227.751 -213.753 446.462 -164.163 496.687 -18.5893 92.9232 -493.533 -321.804 -64.6815 321.747 -138.696
10561.9,0,310.201 -1.11121 -382.568 -409.845 351.008 -223.807 -150.891 108.448 418.22 296.176 123.514 302.426 -0.63147 -41.0619 241.491 -51.4434 151.246 -153.751 -5.34753 -154.214 -104.468 230.291 -178.596 296.614 87.0102 500.02 -34.2706 339.825 -491.215 347.146
10901.7,0,480.713 431.769 291.937 224.563 -180.177 -132.306 -50.2796 -465.279 112.028 85.3301 129.335 352.096 -182.157 275.562 -42.4493 -424.378 300.916 217.708 324.461 -140.579 -358.585 -119.295 215.539 6.26678 23.7837 -54.5935 315.472 319.534 -60.1368 29.5581
10989.7,0,278.57 297.406 -378.154 247.015 306.502 47.8707 -197.467 -362.9 -202.172 336.676 2.4975 257.147 -42.0704 -128.46 -148.329 15.5721 -112.696 -343.073 82.7061 52.5613 -488.346 -145.816 92.3599 196.252 -224.949 -193.399 -400.484 349.225 -267.461 7.64185
11102,0,-226.902 -498.47 -5.07501 -292.633 -449.819 350.796 -446.899 -484.042 129.702 10.7767 405.37 -411.843 -125.677 491.102 -369.45 -434.901 -382.6 480.39 159.926 187.795 -31.0699 -145.835 -47.2144 30.7315 356.005 311.712 336.044 -505.096 -383.767 5.98718
10305.7,0.8352,-184.878 -106.626 401.084 483.654 319.718 -179.858 -388.826 363.028 244.865 487.623 -186.791 -247.838 162.343 -420.134 245.208 314.082 -5.17355 -356.18 117.618 17.8072 257.502 -83.0875 31.7667 -387.008 356.054 -387.675 310.125 227.546 275.888 228.227
10237.4,0,-105.495 -502.802 -220.618 -427.402 -62.3834 -232.525 -229.398 -50.2891 -368.178 -106.665 496.208 301.067 -359.689 452.673 -435.732 349.409 -54.7735 -463.549 -470.698 -75.6781 21.3943 -474.349 -275.927 351.255 -205.125 -42.0985 92.4313 -393.757 -0.489929 -473.78
10622,0,-252.857 -115.386 -356.724 83.3093 85.7274 111.954 -231.633 -185.217 -78.2708 94.1425 490.862 -424.273 289.972 355.641 -228.134 -492.343 -414.761 -105.829 -384.919 250.859 -147.637 -472.739 348.559 311.078 359.026 494.285 7.17737 257.128 186.451 222.768
10684.6,6.6344,-307.18 137.535 115.398 146.516 161.348 58.9318 -77.1722 313.9 -61.7546 -29.6547 162.678 51.0333 -196.651 -139.28 277.518 -393.968 145.753 -334.057 337.389 388.404 239.123 -367.658 224.849 -393.745 285.913 347.73 -459.557 279.514 6.60858 276.852
10793.3,0,-468.976 180.622 323.022 468.721 276.359 -377.675 -178.794 -362.679 189.799 356.398 -176.674 210.375 -469.076 -418.284 323.246 257.913 510.336 315.364 -260.754 145.031 184.29 -88.3233 -429.183 18.4232 87.4922 -138.67 -501.453 -317.586 4.11462 -218.194
9239.21,0,278.426 -431.727 -385.874 246.993 -177.626 -108.105 -455.897 -203.669 -454.418 -182.119 332.809 155.667 306.514 140.551 -157.885 486.921 495.414 -187.627 -24.5252 -86.5414 166.24 323.543 137.776 45.97 -189.557 118.073 -239.901 194.78 309.117 184.659
10597.5,0,-475.422 228.129 352.933 -100.03 -448.288 -376.965 -451.69 348.619 -220.997 113.784 -380.427 -128.906 349.093 -492.337 -44.1493 -166.562 -359.915 183.999 9.61047 -91.861 266.888 -455.465 36.0983 -68.8183 222.141 -216.154 60.4657 -250.04 -435.494 -481.096
11049.7,2.0074,-345.29 278.762 82.3656 56.2431 -202.132 -50.8766 40.4414 -195.074 -442.93 114.807 1.13135 162.89 109.257 240.504 477.704 255.549 -477.164 382.06 -473.228 -353.479 -189.968 293.789 -170.95 -23.1929 279.072 341.407 -49.5489 -492.484 -320.656 -59.516
10580.2,0,138.997 144.838 -464.797 -113.729 -208.926 416.658 -470.271 136.095 178.231 232.825 -33.3263 202.748 -508.413 -462.872 297.811 -151.425 330.169 -204.357 359.46 -397.647 -444.082 -26.252 -427.974 -197.065 117.039 -336.315 -175.576 -419.685 -133.648 -142.515
11130.1,0,-447.302 38.7579 -404.342 459.965 -356.689 240.431 -499.271 -431.616 322.991 -319.227 19.3765 111.918 486.254 -334.003 -435.387 26.8233 -44.1862 -479.282 -324.356 -485.421 55.8074 -496.377 286.511 220.035 117.251 363.641 496.019 94.5972 -423.441 -63.8163
11137.6,2.8416,234.235 -160.519 -271.33 -399.618 82.7726 -61.056 42.887 -79.773 153.55 215.294 -393.991 315.019 -428.945 152.981 71.5709 312.046 274.958 438.498 55.7601 -253.685 -390.715 338.25 -45.472 248.04 109.081 -341.164 -490.073 -246.528 -81.1171 -8.16727
65543.7,0,10.9074 -73.2903 -1.74036 16.1864 -1.68156 -14.8648 -30.3834 3.81779 54.7692 14.449 86.39 -15.9689 70.8327 16.5445 -28.84 -79.4294 12.3638 87.892 93.4394 -46.8872 58.5296 -0.465622 46.3057 2.48161 13.1595 25.3303 1.08819 57.682 -74.9189 -33.5972
66132.7,0,-17.6912 -20.2217 -48.5972 -3.12737 51.9105 -46.5204 -49.8908 71.7115 27.4103 -10.5642 58.5197 -41.9428 2.3751 77.2836 -97.4857 69.0526 -7.64753 -13.8402 -84.3649 4.55629 22.1869 8.46219 32.8234 21.5613 37.203 -61.1383 -39.2286 74.3416 -27.2816 42.7302
59726.5,0,-18.8764 61.6657 25.4433 53.2727 -0.912422 -94.8953 -11.3494 -14.9006 -48.2216 61.5126 -4.16924 -36.2484 77.4771 -20.6058 -15.9792 3.17792 77.9814 -45.7837 3.85348 7.15556 14.6119 -86.4681 -59.6776 -30.1909 34.7695 -48.5061 -60.1258 2.11092 9.23144 30.3184
72933.6,0,-36.0695 -64.8826 -31.4634 37.7627 37.7802 -56.2655 -21.9503 -54.2964 98.8251 50.7091 -68.2296 -29.2408 64.2117 -23.1527 52.9433 21.9052 33.063 -4.84423 -62.6424 32.5707 -31.2295 61.7615 33.939 -1.70845 96.143 67.5162 50.6507 21.5539 38.1825 -29.2874
65839.1,0,55.2289 -12.6086 -49.2908 -21.3121 -10.9924 -67.7326 -85.4261 31.1806 17.2058 57.2965 61.9906 -35.6396 -21.765 -82.5643 -8.00233 63.454 27.3865 3.96856 -84.8927 21.1469 23.59 38.3173 40.1146 -24.9079 -12.0198 -83.693 15.6603 -6.30517 23.5126 -77.6781
69265,0,40.7501 -32.8201 -21.5309 -56.3221 -87.4133 46.2321 -54.9956 -17.3296 32.8926 -5.04353 42.9981 -6.70052 46.4798 -40.5762 -35.7646 -81.057 -63.6088 28.553 -43.1232 -89.7436 18.6938 22.1293 -1.6984 98.1965 -14.4555 -4.42427 92.0065 -2.63314 33.9624 -4.16931
65394.3,0,-26.0072 -0.963608 14.9663 -33.9507 -71.6137 17.8181 -39.4596 -21.6537 42.912 -81.449 -70.4651 27.825 20.173 8.00641 37.2179 27.2711 29.8491 -61.0855 -19.7263 12.7869 69.8237 -98.121 -58.1996 32.6522 1.21526 2.22194 -82.3419 4.71613 -88.5813 -16.3265
70967.8,0,12.2219 -12.773 -27.2655 -60.692 35.8084 -26.7365 17.5377 33.2675 14.5393 -26.9346 -63.0694 56.0718 55.2051 90.0974 45.6898 -40.9189 -6.96181 -89.4273 6.35687 -44.1938 33.431 21.2626 2.47692 81.5741 51.3056 87.391 56.8402 -59.2438 31.9638 -59.4141
53368.5,0,44.1235 -57.5947 -56.5223 -21.764 -43.9366 -28.2837 29.7671 -84.1056 48.3448 -77.0384 95.5174 -62.7018 15.3993 -39.0573 9.19526 -38.4742 12.0544 12.9031 -30.105 -24.7928 1.43159 62.5039 -19.0311 -27.2126 -0.361557 -8.05164 13.6465 39.3353 -20.7768 4.09357
72362.6,0,-78.7507 -15.9612 16.7074 60.8079 46.159 34.4819 97.1683 -55.0864 60.1784 73.7093 -23.5249 -19.6864 30.6738 -90.0197 -1.19157 29.7215 -54.8442 11.0631 -19.077 30.6117 -24.7288 41.1987 -16.3966 -35.4082 -45.362 -72.8146 -66.2973 77.7961 -11.4992 2.60139
62983.2,0.8165,-24.5734 -5.16533 25.8752 33.7327 -70.1851 17.8226 29.3237 62.3769 -18.7117 -74.5169 -48.9185 86.3699 86.7828 4.3166 -53.5387 20.2961 8.61344 87.0398 25.6645 -1.86946 -53.6206 46.7777 -53.8098 9.3772 11.4103 -70.7111 37.0428 5.20866 -14.1823 -29.6178
69021.2,0,46.1469 16.327 75.3123 -34.6748 8.197 -67.1681 -25.6875 -20.7069 69.7148 -50.0856 46.5549 -41.7555 -13.0085 71.9844 14.3972 45.5363 -56.6801 -1.6208 26.8339 -46.9929 70.5839 -27.6422 11.5717 31.1355 -85.6889 -78.5557 49.5667 37.8368 -65.4443 -22.224
71690.1,0,35.8712 69.3182 34.0104 7.95987 1.86839 47.4785 55.4126 5.07935 40.7548 63.9008 44.4908 -3.54028 -77.0335 43.3382 4.07654 0.0671387 -33.0557 33.3997 -60.4685 -54.3994 -15.8845 3.78884 49.2021 -75.1239 90.6984 1.47722 -70.5857 -84.6877 9.0488 -76.4156
80432,0,21.8405 35.9446 -83.3318 -85.7089 -20.3771 88.6597 92.3565 -4.13129 -26.5473 16.0249 -28.7321 23.0748 60.5469 -41.3794 -50.8597 33.3588 63.4729 66.8287 55.1772 -4.18787 29.5339 -56.7493 -31.7713 13.5007 -26.159 -56.6638 -38.9744 -88.2313 73.7152 -26.0545
71392.4,0,-8.40187 -94.3369 4.546 55.1514 -87.1675 -0.0324631 27.0292 5.04202 36.9268 26.1793 -10.5917 -82.9228 -76.8122 40.3189 0.625885 15.0517 -0.14756 -96.6363 -25.718 -68.7074 78.6268 14.7125 19.1051 -52.5087 -67.3701 -28.3679 -12.2016 37.7326 -50.3646 22.8393
71717.4,0,20.2676 -88.4338 4.85686 8.91679 54.4973 -82.3018 -40.3494 55.3581 29.4564 -24.8348 77.9061 7.16786 -4.0797 -35.4344 39.2536 36.5026 -63.7728 -30.4897 -53.7929 51.9262 5.72919 14.4945 -80.0172 41.5786 -31.8968 23.4829 64.3266 29.1118 -95.2372 -51.095
63042.1,0,-68.7994 -30.5118 -18.6337 -28.4498 -17.0783 -25.4562 -31.2468 34.8926 35.8954 -49.5518 20.8707 11.5031 -6.99995 3.62365 34.4616 8.86569 -35.6856 -32.8696 81.0365 -10.7948 56.3137 -77.4094 -57.6588 77.0102 69.9229 -19.3801 -2.24014 -97.8381 -69.7772 16.7527
51713.6,0,-76.6381 -39.8402 26.8654 -35.6 33.0253 99.4268 -52.0239 6.54074 -31.7503 67.9465 -36.895 -16.7403 -39.2003 25.9761 45.4452 68.794 29.7375 -12.0805 -47.8988 -25.4466 23.8554 15.3272 -16.4567 52.1582 44.9767 -18.8502 -36.9756 -21.0373 3.81998 17.108
64843.6,0,2.08441 29.6588 3.12602 74.287 -76.6214 19.0654 4.24139 -14.2245 -9.84041 -25.6653 63.2652 -39.1694 53.7003 -54.5605 34.0617 35.1687 32.0837 80.5802 -16.7427 -48.9761 -27.3421 99.7445 26.9828 -6.28589 57.7306 -11.6057 37.6735 29.2073 49.2404 -87.1588
64465.7,0,-91.1697 -8.75324 -7.2337 23.9447 -43.0309 1.07807 -1.29509 77.8273 10.5973 27.8833 -48.8868 65.8306 53.2032 40.4144 -55.1328 -16.9416 -10.8523 -83.2516 -32.9226 4.88836 42.2757 -84.1043 -70.6122 -6.98734 33.696 -13.4873 -48.8646 72.169 -33.6692 6.06942
71071.4,0,-28.947 5.81095 -67.0341 -91.2005 30.4962 -68.7409 -20.1146 23.3143 -6.89157 22.1344 45.7683 62.6462 -44.2615 -26.8629 13.6294 18.9107 -24.1006 -60.9274 -36.5835 -85.2156 88.2683 79.8868 -54.9578 32.3302 6.2485 -14.4701 -44.9043 -62.9618 -45.6095 39.5388
76407.2,0,27.6638 -67.8357 -45.3523 -45.4147 -49.756 29.2612 24.973 -27.8548 -9.11149 -24.7031 28.4788 -40.6882 87.3861 -8.32047 14.7963 -87.3635 -18.9863 76.9368 -46.7912 89.1271 -16.3272 -72.3464 96.7279 -95.5576 -3.79667 24.2303 -21.9886 -34.9519 -18.8105 20.2823
58954.4,0,-42.1931 49.6918 1.30103 -65.0451 38.1331 -58.0077 66.7572 22.3515 -3.16577 41.5613 10.2118 2.7821 50.5215 -65.7158 16.9087 4.36448 29.9084 4.55833 7.37067 -60.4763 -54.886 -44.4727 18.5456 65.3271 19.207 -77.9028 -55.5117 72.585 17.8086 -48.3526
59633.5,0,-19.7464 -38.5347 -37.3727 25.249 -63.6753 0.837418 6.7862 32.8591 -32.9035 -30.0975 23.8176 -5.14384 -0.685272 17.5698 -0.149025 93.1494 43.3827 -66.6859 -22.64 -60.9295 73.3082 36.0745 -6.85407 82.0565 85.087 40.5494 -14.8395 -25.2556 62.108 -36.9581
70027.4,0,-86.2133 12.3883 -26.2294 -34.5718 -57.5932 -18.7525 -20.095 -6.94909 -91.2227 -25.173 -32.424 22.3468 -77.3597 -37.5842 -73.2017 -5.36987 -11.0655 -64.1684 81.0976 11.4286 -11.9666 -23.5074 -76.9674 1.84267 3.52336 61.8096 -69.4416 39.1535 -45.8882 -57.2937
70913.4,0,58.3534 -12.0024 50.7721 29.4398 -52.3449 -15.3197 26.65 -34.2832 39.2985 53.247 -61.7227 82.4406 28.0162 -41.5752 17.3113 -53.8917 -35.7592 -17.8829 -91.0901 20.2475 73.6875 74.1288 -40.9532 6.80593 54.4119 40.7802 -16.087 44.221 -18.14 90.7467
59348.8,0,49.6855 -21.4351 29.3685 51.4089 -15.2089 33.1585 -7.25568 15.2628 -79.5996 -99.3911 40.5623 9.60275 9.40105 87.1581 -29.6072 -43.6296 13.8595 -12.8772 -19.4991 -61.4227 -34.153 7.62153 83.8764 -9.80614 -45.4837 24.25 -53.526 -57.2068 -28.386 -20.3607
69042.5,2.2757,-2.00252 2.98916 -30.6117 82.9144 87.6866 -78.9001 -34.5117 24.9639 -80.257 -43.5509 -79.0304 -49.8784 41.1037 32.8763 -49.6854 23.7047 -99.822 14.089 -41.9356 33.2551 46.5736 3.6864 -16.6413 1.69241 18.9052 8.74532 53.4314 56.927 16.7181 17.8314
73550.7,0,24.7227 -12.151 -13.2476 48.401 17.2655 17.666 -23.8033 63.0008 38.3017 74.0356 -56.3647 7.56502 71.9404 -8.72414 91.7883 57.6601 96.3866 -16.6166 -93.146 64.2906 -13.1962 50.2413 -3.37957 10.6509 69.5758 34.5934 37.0546 43.2978 23.3448 -53.9873
57654.9,0,-33.3592 87.8292 -6.48512 -21.869 42.2883 -35.8465 1.80486 59.9514 46.5057 10.5175 -90.8215 -38.0045 -46.215 -91.9934 -2.76939 26.2942 23.4202 -11.8127 -13.4744 -14.514 -60.8278 -3.70486 24.0649 -47.9781 -41.2419 48.734 45.9487 -38.9228 54.735 -0.0458984
3.03948e+010,0,-55.8873 68.5974 -12.6318 9.06192 87.6805 31.9423 4.51846 20.3031 -26.6552 64.2894 11.4774 45.1879 65.0082 53.1725 -65.8833 -78.2733 32.3012 43.8469 62.9827 3.57766 21.4602 33.333 -89.106 -34.7473 -5.92861 58.3553 51.8363 -33.3848 36.7213 -85.7984
3.39202e+010,0,-5.72768 -37.8558 -57.859 18.355 80.3471 -26.0638 -58.8854 72.1077 -91.1273 33.22 26.602 -9.26308 51.9724 89.0403 11.0909 -33.1142 -71.9163 71.6961 20.7685 7.89032 -19.3129 -45.6276 -28.3801 -21.0981 10.4686 3.09821 -81.069 38.2798 0.684273 63.3408
2.90367e+010,0,-62.1422 -30 -25.9322 12.4997 11.3932 -27.4593 -74.4836 57.8427 34.1026 47.8548 3.87768 6.32407 63.8789 53.3847 -16.0716 -32.1356 -96.024 -49.2782 46.7951 56.3816 37.7276 37.7644 45.6199 -8.21632 93.3464 -4.46857 -45.6611 48.1274 19.3282 -53.8137
2.22766e+010,0,-76.3958 -54.4203 74.3093 6.50501 -60.2571 -65.4265 -4.31717 -12.7645 52.2167 39.9173 -65.7537 62.7317 2.69048 -69.3463 9.65408 35.9399 0.736069 -9.86774 37.8657 -34.2474 19.2104 -55.3841 35.0084 -32.545 -5.14304 56.4117 -68.8067 28.7278 8.39417 83.4204
2.72511e+010,0,26.916 21.0309 54.6423 -55.5467 -4.51091 25.2529 7.27793 -48.7156 89.1066 62.6927 39.1674 -1.77694 -43.4107 -65.4644 0.0351868 -55.7865 30.439 4.80537 85.2277 41.9527 11.9238 -2.79192 -49.8927 10.9519 77.2931 2.1866 -78.5483 -10.5275 -14.9191 -98.8417
2.42971e+010,0,-0.123444 47.5946 -49.2677 79.1624 -16.1075 9.79649 9.69626 -56.7724 -39.8554 -87.179 -49.9061 -24.9741 15.6321 24.9836 -65.1607 -46.88 49.9823 -37.6431 -52.0067 -69.5124 -65.3988 -56.1436 -63.7961 -37.4019 -9.80793 -17.8694 36.8373 16.5319 18.4247 33.4252
2.78241e+010,2.0878,9.44096 22.9909 -75.8887 -51.3757 -33.8314 -34.1726 -41.2972 -60.3413 12.3702 75.6913 -38.426 -8.98865 -73.5431 34.0794 32.5656 -7.25368 -0.533699 -31.0034 9.94687 -76.2048 29.5238 13.5799 35.3928 -51.5164 -34.8374 96.831 19.1323 -41.5974 62.0326 -58.6932
3.75496e+010,0,-47.8521 -37.5544 54.4345 66.3788 -26.8211 -70.2662 -38.4825 -17.005 -47.9449 -19.5724 -90.3499 -40.2234 -18.8503 13.4243 -36.7884 85.6316 59.1036 76.204 33.5404 -70.7206 36.0278 -99.2423 -49.5341 -10.619 34.7536 -25.7201 11.4171 8.51643 42.7327 53.4037
3.35095e+010,6.2167,-7.7514 -45.4774 73.9633 -1.10299 61.3044 -80.7134 81.5403 -64.1076 -5.45771 44.9897 -21.2597 21.7658 26.8171 69.9232 7.41788 29.3552 43.5264 91.3409 -47.5663 16.9796 13.1403 -25.7152 -43.9473 -46.3423 -77.9024 71.0519 -41.4009 -20.0891 -21.4562 -95.1728
3.4235e+010,0,41.2472 16.8419 21.0619 59.3988 5.73349 48.6361 -99.1121 60.3826 -27.9334 -10.212 -64.0135 -41.8963 -57.0932 -82.7771 13.5494 -49.7136 -76.1047 1.48939 32.9156 -3.82706 -17.0705 30.3779 -7.98033 -25.6477 82.5949 -45.3547 -34.9307 -24.7767 -78.3275 61.114
3.25764e+010,0,66.9424 -44.4855 78.1379 -61.6812 13.2925 -82.0282 62.2101 8.80174 -0.543839 -48.8747 -55.2012 41.4975 -37.3598 76.7025 46.6486 -48.8288 -48.9004 -27.3156 -2.12669 27.6292 69.1659 39.4585 -48.8978 40.2214 63.5151 3.95251 88.7527 -49.0917 22.673 -86.5332
3.68083e+010,0,-1.54316 83.1434 -67.6634 -40.2406 -14.6235 -85.9552 -2.46174 32.9586 36.7913 23.1384 21.5862 -63.315 60.3714 -94.0133 83.4447 58.2427 -51.0751 3.92337 23.6292 -43.0996 -44.3089 29.7932 58.1149 -4.63611 -18.0563 80.6363 -14.1666 38.9217 3.47693 64.7176
2.76795e+010,0,-36.1626 6.8929 -18.3737 -27.6342 -27.3342 41.8698 76.4002 18.6915 34.6665 37.1377 94.3927 73.2966 -85.6176 -36.3308 -0.519691 11.4175 -56.7541 -21.5504 -2.17458 61.561 -3.41354 65.1498 -2.14527 4.94952 -16.1207 -29.3829 -59.539 57.3803 43.2209 43.2765
3.12485e+010,0,-71.3335 34.5418 66.2616 67.1747 34.9354 -77.7029 53.0298 -42.8787 -7.12118 4.84451 62.3786 80.3998 30.5947 -50.3383 -43.3903 61.9134 -52.0829 75.7304 38.0443 -15.9501 37.7434 4.57132 -81.1451 62.5667 24.8375 -61.0318 -18.3581 13.5836 -14.4482 53.7161
2.99355e+010,0,80.5825 -53.687 -67.0255 -29.3093 -84.7264 -60.0885 11.9332 -83.3996 -35.0618 -16.6863 67.1856 50.9424 -34.7606 -28.9578 33.8281 -15.5883 68.4156 52.8457 48.5149 -59.0916 -27.4628 41.4412 55.6129 -26.4679 13.1442 -36.3996 64.9712 -12.0275 0.636078 35.4624
3.34655e+010,0,83.3347 26.9992 -9.33514 -4.97357 57.5917 67.7054 -65.1766 -57.4209 -30.9056 55.254 22.5629 -4.7059 48.5513 -57.69 69.8518 -59.5788 4.32608 13.2851 45.688 -22.4307 80.8 -38.1865 -65.213 -44.5159 19.4725 21.9766 8.2837 68.3047 -89.6854 -44.8478
3.44101e+010,5.0633,62.8423 49.3696 -79.7552 4.23147 -38.2769 -39.8816 -16.3807 32.1045 -81.0843 79.3853 -80.9187 -27.8421 -30.4861 -40.5996 45.5878 12.612 6.57944 36.4578 -85.7553 16.1885 49.1456 -35.6363 88.3531 -25.9359 -46.4056 57.7999 25.1867 21.9492 22.5859 -1.68588
2.74368e+010,0,-31.4473 30.8704 56.0941 4.68285 -68.2918 -37.2893 -27.1333 -32.6254 -37.2502 -8.04251 52.6872 -62.8274 -58.5867 -88.9592 50.6298 8.04279 -7.17702 44.3624 66.9123 -51.1216 76.1552 64.8173 -23.4065 -27.5029 -65.8591 -55.0061 66.5134 -7.96691 -16.6945 93.5898
3.24836e+010,0.8444,-19.47 82.4859 -11.9251 92.1627 -45.2077 -42.1041 43.0789 -25.3639 25.8053 4.7946 -36.3448 -66.1414 17.628 54.2043 -88.7476 -21.842 -42.5657 31.8069 -63.2706 28.3618 -58.2219 8.73219 61.4971 -51.4635 53.526 -51.8454 66.6856 59.5834 11.7737 42.6259
2.87476e+010,0,58.3113 -89.0409 -5.58624 -63.157 -13.046 8.78131 -41.7007 -35.3811 -39.6996 -19.7973 -49.0781 14.5664 -56.3301 62.082 -9.43351 60.4773 -13.7385 -42.2573 65.8283 22.8045 75.7605 -77.1464 -9.09139 -54.9554 -27.3508 66.1164 31.655 64.6693 50.7927 -92.152
3.7844e+010,0,11.9519 76.2173 -92.4396 31.127 -11.5849 4.02463 37.3257 23.2196 75.5118 -29.139 52.3315 -2.87669 -94.7701 13.2834 32.6304 -16.5568 -79.4645 15.878 58.8262 -16.7985 21.1053 -8.62044 -47.0122 55.2654 82.9222 20.9792 66.3613 -56.5382 -37.8668 -65.121
2.03909e+010,0,25.4044 3.66425 24.178 -19.0748 -74.701 -35.8067 22.0716 -78.9407 -29.712 -38.9804 7.06519 12.7705 -8.97913 2.86755 56.9829 9.5966 37.6981 35.3817 65.5933 -52.3258 61.2273 17.2104 -52.0673 37.6635 49.4823 -75.5788 57.2163 -61.1335 32.2647 89.9124
3.04821e+010,0,73.6964 -12.0998 -57.2952 34.8279 -44.2671 -92.4725 28.1055 37.2866 28.8312 -31.5989 -50.6341 -35.6425 -23.5534 -10.0952 -14.5975 77.5046 -34.4192 -39.7942 -11.08 35.2776 -87.3998 -49.6835 68.1141 11.134 -2.72559 43.7243 -32.7678 -76.9605 -45.0872 93.4358
3.37576e+010,0,-35.2092 50.4529 -90.7888 -13.657 -66.9729 24.3856 -10.3864 10.3428 29.4385 -9.63433 5.14145 0.72583 -5.01108 83.5653 3.67188 -16.1068 -73.3397 -35.3685 -29.8183 25.6677 -4.93634 -46.2187 -65.1241 28.2625 2.7858 -65.9397 -87.5932 61.6714 81.8403 44.5032
2.57835e+010,0,13.6116 13.416 14.8882 -47.5312 5.72749 79.5011 43.6784 78.5081 -23.8538 48.7863 0.609756 -8.51199 19.1274 -58.1653 -45.8622 85.3273 69.8245 -35.8184 -68.6643 -6.23211 27.1747 17.8435 -43.0277 -17.8584 21.6898 62.7224 -68.1706 -46.2247 40.6254 44.4558
3.41243e+010,0,38.6596 38.0991 13.5578 3.89853 -66.9788 5.96845 66.5849 29.6108 37.4548 -82.7004 31.5644 30.3906 89.6004 81.0228 21.7944 47.2542 49.4968 -54.2704 82.2635 42.0473 22.2128 -54.7788 -2.6683 15.8246 -73.7318 55.702 -19.3067 -6.35075 -70.1496 -50.7084
3.10209e+010,0,9.09275 -88.0682 64.9072 -19.7439 -24.8358 35.2699 -87.306 -15.9645 -53.0383 -32.0573 75.8228 83.1806 5.00014 -23.0453 -83.454 -13.5262 -4.92907 -6.02541 -9.41172 52.7886 -57.675 59.5762 -20.4457 11.9231 -21.4223 -30.4897 11.4643 35.5562 10.065 12.5598
2.9276e+010,0,84.3331 30.8667 57.0113 18.76 49.5484 -12.8018 -27.5909 -87.3718 14.5939 74.8546 41.2269 18.3357 -6.68024 -40.1433 -5.33378 -7.94653 -75.6298 20.8456 -46.8532 41.965 -31.9904 -79.3935 55.4335 27.9106 47.5475 6.20105 -18.2445 -16.0264 76.0231 -49.3776
3.60022e+010,0,64.6797 -14.6536 63.3009 26.739 27.7724 28.6856 5.90352 77.2028 -17.8203 71.7279 57.7056 -78.0278 -14.7238 58.0811 -83.9816 -7.99656 61.2161 51.1159 49.3945 57.3376 -24.7137 80.276 -40.919 72.7119 4.76935 -74.429 33.6343 39.4052 55.3978 66.1452
2.73825e+010,0,29.7487 -14.02 50.2432 -47.8095 38.4794 -69.4809 28.3388 45.0224 23.6587 -20.7268 -50.9254 -12.974 29.2295 27.7146 -59.5895 -47.3245 -67.0057 -51.5266 38.4763 79.8479 -23.9784 49.9064 22.8686 -88.3475 32.0575 86.9922 -52.7764 13.4516 -12.7741 -86.3614
1.94533e+006,0,9.72971 -21.1098 13.0943 22.6855 15.1632 -2.67492 -5.55195 9.13272 20.4117 -13.7496 -0.255989 -6.844 -9.70674 -3.92748 10.8292 -4.74017 0.49369 -9.10448 -13.1333 -29.6313 -21.8223 6.93654 -29.2961 10.4562 9.92632 -6.46777 6.2771 17.8451 -11.2868 -27.5705
1.75767e+006,0,10.7971 11.577 -29.731 -14.1572 0.716385 -8.31622 -13.5716 15.1445 -13.614 3.1352 -20.3225 -6.25528 -15.1081 -13.9533 7.61677 7.24868 -1.47287 -6.72222 5.52707 10.4414 6.68119 -17.4146 -15.09 4.37474 7.31764 29.4615 16.6603 6.54728 -27.1671 4.37085
1.76653e+006,0,-14.2608 21.292 -4.5063 -22.9969 -28.3539 26.1693 -1.88848 12.9208 1.67696 2.39164 -17.4238 -4.59518 8.30331 -5.52685 -2.34358 2.07559 -3.8624 -13.2849 -21.4829 -10.1593 -9.5792 -6.73134 29.0704 -1.81696 -12.5351 -14.7161 -4.95286 1.01539 18.2031 9.75617
1.62222e+006,0,4.07085 -29.9082 -2.00633 29.584 10.6418 0.572245 -10.748 10.6449 -2.00338 -9.37926 -5.57337 -8.94449 -11.5317 -0.851339 -5.89182 -4.51713 -7.00579 -29.9186 -8.95297 -17.64 2.924 4.7897 4.36999 -4.78316 14.4399 -8.94171 6.26381 -12.2093 14.1614 -28.8205
1.96755e+006,1.8476,-3.41642 -17.3665 6.62267 2.52988 -12.6873 -14.302 8.08212 -15.4408 -4.06004 -18.6929 -18.8603 16.5615 17.1231 -26.3661 29.6792 6.66607 0.843075 1.5335 6.30287 -15.2537 -22.0479 -19.8746 19.0953 -24.117 0.794918 10.4774 3.1997 9.62137 12.8227 10.2788
1.972e+006,0,-7.60269 10.1279 5.52376 2.86928 15.5487 26.4196 7.4492 -14.2173 -19.0479 24.2252 1.72334 4.24378 -12.5565 20.5011 -14.9234 -23.0272 -21.4287 -2.29813 -12.7378 -16.2045 5.21031 -11.3852 -27.3234 18.0396 -1.3087 -10.9633 -4.50559 4.82431 2.57815 -23.3044
2.11734e+006,0,3.94544 -16.9207 1.56148 -2.25754 28.6042 22.1917 -23.6174 6.62444 6.82856 7.09172 -7.44957 25.392 -11.5379 5.7709 15.6465 8.14577 8.2383 21.0015 27.1776 -11.1338 -27.1833 2.2132 11.3091 2.32117 25.4717 -13.3353 8.41592 3.41486 0.553591 19.1274
1.86926e+006,0,10.5626 -8.82865 11.4998 7.15682 11.4825 -22.4464 5.51595 -14.6413 3.88258 18.6908 0.83868 6.65585 9.79674 -24.5239 13.2732 -16.0233 -6.32519 -7.14762 -5.44742 -1.0283 -12.9295 24.5975 -12.4162 11.431 -14.4582 29.3258 14.7411 18.3243 17.3512 16.1584
1.88561e+006,0,28.8221 8.35161 -11.8233 -15.5601 -8.13678 20.5268 1.62798 20.1077 -2.53937 17.7091 13.7818 -13.5166 -21.8956 -22.5999 7.53935 -15.8436 7.24592 -17.0694 -16.133 3.32579 18.7494 -18.6974 1.49018 -3.79284 1.04987 -4.13196 2.13741 -18.232 1.07602 20.4667
1.57985e+006,0,-3.90489 22.317 22.4206 11.8156 -4.28104 -11.2728 -11.6129 -8.75797 -23.0807 18.3406 -0.65814 4.56865 9.17838 -7.32832 0.955164 -4.34553 10.01 -10.3854 -7.7858 -22.5607 16.6502 11.8825 -25.249 4.33114 2.54623 -2.4858 -2.68694 19.6027 16.6079 -10.2786
1.74745e+006,2.6865,-9.26452 -9.26586 -4.36254 16.7242 8.73971 4.7852 26.6087 -8.03489 -0.685345 25.3401 -6.52135 6.95667 3.36399 16.9554 23.2875 -7.83016 20.2257 9.83486 -12.2436 14.7 3.51908 -16.9989 14.3476 5.78976 -6.49694 25.7799 24.8104 -5.10638 7.37454 4.24623
1.97927e+006,0,19.4967 -22.856 -7.12149 19.2282 29.9665 -9.85268 -10.4771 14.3888 -6.6016 -20.294 -8.13145 -13.3257 -10.7049 -26.913 1.23448 5.10936 12.7163 -21.189 20.9396 -1.66989 16.881 13.9685 -11.1974 20.7391 7.1284 3.83524 -4.81768 -7.06305 -2.41105 14.7759
1.6307e+006,0,21.0651 -16.7358 -10.9165 -13.4426 3.10387 3.94653 -17.4175 12.9924 -8.41082 27.7138 -15.4759 8.74017 8.40446 10.8475 -4.22919 -11.7467 -5.32936 -13.7114 5.95308 -11.123 18.6322 9.78519 -8.30193 -28.7382 -0.866642 2.57475 11.2444 0.138523 -23.8454 2.59827
2.01415e+006,0,-2.08309 29.8686 -2.87821 28.9816 -1.63236 -12.2197 19.1091 -13.0351 4.67513 5.42731 20.2056 -1.07653 24.4198 -5.81491 0.0811348 -3.8907 -19.2622 -13.4219 4.52536 -17.4474 21.4416 4.34851 12.1578 11.1549 6.20528 -29.1085 6.9926 -4.48166 -4.68912 -24.3754
2.11563e+006,0,-28.8082 -6.89241 -24.586 -17.2933 -20.8735 4.67374 -24.9294 -6.68624 18.5019 -22.9022 -24.4551 -3.15542 22.8599 -5.18087 6.94939 -9.76457 7.60805 2.29011 -8.71617 12.2942 21.9175 -26.4691 5.6076 -14.1184 10.5547 0.878571 -0.650486 -8.94347 -4.79572 -8.85764
1.71557e+006,0,3.55648 -19.6191 28.2129 25.1975 19.7191 -11.1303 -7.86156 18.8847 19.1442 2.02357 19.7625 -5.43337 5.97786 7.27692 2.86922 -2.99636 -8.98376 -9.28716 -1.30343 3.77718 -1.26299 -13.6572 -10.2744 -17.7864 18.984 -14.3172 -13.6155 11.6076 6.72099 -19.2285
1.75381e+006,0,13.4478 24.9835 8.17101 11.1487 1.22441 -25.6304 -2.842 1.5352 -1.90995 5.84748 -14.5621 -10.488 7.69552 -23.9223 -5.406 10.4366 9.84297 -27.7068 -17.5953 8.43766 5.2901 -13.3401 19.0278 10.6109 -5.27344 20.0849 18.3088 -15.228 8.55268 -2.40037
1.94815e+006,0,-16.6054 1.60132 2.94771 17.1 -11.0777 -13.7819 2.87615 -11.3005 16.1274 8.11829 -10.5961 -18.1744 -7.2173 -12.5461 27.1045 3.36796 8.87765 -4.46536 -23.6344 29.2422 12.7848 -29.3573 6.87156 12.3013 6.88934 7.37509 19.1255 18.9584 11.6077 -7.44476
1.88602e+006,2.6302,-7.33538 8.23613 -17.751 17.8105 0.0529747 10.304 13.7146 20.164 -8.04892 20.7784 -13.2205 2.03954 15.198 14.391 13.959 -21.5094 18.1173 0.865967 3.11503 -9.23263 19.1417 16.4192 -18.82 -2.48616 -5.83679 19.903 21.5732 -10.2158 -8.76764 -24.7552
1.92898e+006,0,2.73219 -6.62038 -21.31 -28.7082 15.2798 16.6668 2.83255 9.07862 6.69025 -24.7803 13.9095 -6.60576 -11.2652 19.9285 -8.87371 7.35382 4.63192 -3.97516 18.619 16.7541 13.0206 -14.0893 5.95598 10.9454 22.0563 -7.92243 5.02904 24.2904 21.6081 -13.2739
1.9357e+006,3.8268,-6.76873 -23.747 -24.3998 5.14871 14.409 -0.939909 -13.2998 25.7948 -5.1073 -21.2068 -24.6175 10.4093 2.88588 1.4805 2.21974 -0.649994 -28.6842 -0.0147743 -15.3586 -12.3961 15.0731 -17.2001 -3.39775 -5.62752 -3.96935 5.7464 22.8008 -3.55981 -9.63481 -22.1473
1.85945e+006,0,2.0541 -17.4227 21.5397 -8.70763 -9.1081 -5.43508 -17.7695 8.65577 28.0016 8.92189 -7.62665 -11.8193 -12.4741 -1.21657 5.57911 25.0879 5.09897 11.0487 -15.4402 4.94215 -9.62172 -7.15932 -25.3208 -7.43526 -16.4897 18.6495 4.61681 17.4295 22.673 -14.8803
1.50647e+006,0,-20.6963 -2.34224 3.7321 4.41833 6.55014 -4.59672 9.22031 -12.2372 8.63795 -6.2147 -4.10983 3.74524 13.9357 -25.7627 26.6349 -21.5621 -23.3511 5.47797 -4.73456 9.93998 -8.9094 -2.67954 -24.3107 0.772459 -3.53154 -2.2316 1.76357 -22.9411 -9.55401 -2.51681
1.93793e+006,0,8.19126 -26.7371 10.84 -10.532 -5.73091 21.0268 -16.9378 15.4313 -7.30989 29.5394 3.71678 19.7065 14.4196 -2.15368 -18.0422 -12.0063 -19.285 4.54712 7.92588 -6.08875 -22.4657 4.22718 29.8824 12.1836 3.39466 10.782 3.55931 3.44716 6.02688 -14.1389
1.88082e+006,2.0171,20.0339 2.30813 6.15611 21.9232 -9.19708 -12.1069 18.1273 20.5708 1.53402 -12.503 -3.2544 0.337065 -18.7761 -3.99437 -22.8882 -12.3989 18.888 -11.3217 -18.2955 -10.7424 0.676445 -9.47167 -13.19 25.4 -3.68072 29.8626 -4.9393 -9.81951 11.5558 12.1913
1.74178e+006,3.0763,6.04499 4.54107 -26.3805 4.86945 12.7302 -6.68084 -17.6789 -19.1798 9.20956 15.8849 -7.80558 -8.74437 -26.7363 -21.8185 -0.100088 -12.6406 -17.4385 -13.2351 21.2638 -23.2592 -14.7276 -6.88881 2.1137 -14.912 9.19526 13.0529 0.422655 2.16268 -11.0595 2.61689
1.96852e+006,0,-0.00547218 -1.37212 -12.3375 5.00783 29.5658 -23.0952 1.33452 23.2962 11.4605 -14.2526 16.0588 0.545507 -6.01452 24.1871 1.38521 23.9098 9.73274 23.7158 -3.38252 14.1587 -13.233 10.9929 -14.0999 -2.43052 1.26714 -1.05503 3.50013 -9.19305 20.1105 28.1584
1.94999e+006,0,17.766 10.4136 12.8817 -4.9772 18.2623 -17.5347 9.44259 2.29445 -19.9023 -1.7243 -1.50381 -12.2683 -12.8637 19.3511 -22.9727 3.6813 3.21447 -29.1478 3.56646 18.2783 -2.5087 4.23863 -1.46183 -12.1382 7.99034 -25.1355 7.50748 26.5667 20.9006 -14.6406
2.00208e+006,2.0146,15.8844 -10.8219 -20.3439 4.4726 -4.54086 -22.2777 7.58904 -18.123 14.5084 -0.58534 1.88556 -4.47548 -3.34113 11.3148 -0.607176 28.3572 -10.985 24.7489 -28.2617 17.8027 1.03014 4.65856 -10.0032 13.7356 18.1458 14.2391 -12.3315 11.1259 -5.88605 27.5378
1.86961e+006,1.4831,-28.9178 5.46916 9.4924 -14.8271 5.64267 -11.6399 17.7947 12.128 -18.1804 7.19958 19.5776 -13.9785 -7.01992 2.08093 -11.2856 -19.8692 -9.40387 -27.6497 -0.0941849 25.6611 17.2346 15.648 -8.658 3.00559 -5.31122 16.9409 -0.235077 17.9906 -0.663643 11.3327
340.954,0,151.048 269.852 16.5523 366.632 -254.71 -70.3526 -81.3788 32.5994 -60.9556 -402.724 -128.83 -51.2043 37.2379 304.799 -47.1552 127.034 -84.857 -27.939 138.954 -99.5507 -346.751 -156.284 257.864 480.261 117.356 39.7061 168.817 -137.783 -421.187 186.991
426.946,0,4.44592 -217.927 -140.045 64.4299 238.449 69.0611 -222.787 -90.3489 363.732 141.055 -329.605 -96.72 -461.605 88.2109 -495.303 -244.257 76.117 -181.735 41.6667 -108.364 -246.273 -45.0281 -17.3128 461.016 443.257 -214.561 -281.221 29.3719 45.9155 -254.286
481.583,0,-174.386 478.817 173.138 -183.224 25.2812 22.2513 -245.063 160.801 111.528 96.2391 -179.392 -375.155 -441.429 141.787 423.248 195.426 -184.071 -387.954 161.883 215.552 -208.231 178.383 141.474 -12.2554 -390.049 462.761 -323.984 -166.582 -45.2335 178.016
414.556,0,274.026 -23.6106 11.7034 383.719 -324.642 248.994 229.915 -8.69687 136.344 248.843 240.12 150.434 171.596 297.17 -299.964 84.4692 20.1406 -382.746 139.464 -21.4518 -255.682 -107.39 -435.663 -199.2 271.84 316.703 -313.493 249.739 -135.917 93.1994
431.868,1.9148,-151.085 417.606 309.269 -25.0229 -5.67233 409.343 124.635 46.7241 74.5405 -168.331 -153.022 128.835 -275.101 -427.148 -148.789 -54.173 154.477 -284.343 -283.124 11.8207 -449.702 -378.956 59.9962 -130.592 228.29 38.4237 303.892 289.337 156.729 -286.047
354.656,0,226.538 172.458 4.65887 -192.487 -51.1165 -274.532 222.539 -75.0349 40.1241 -435.702 180.255 153.511 -55.3983 35.3569 -99.1058 84.6542 -446.695 157.121 175.779 156.449 -318.443 -29.5293 179.803 356.504 269.54 440.848 115.645 -36.466 -263.273 -47.2069
458,0,6.38544 178.842 -197.167 272.593 -377.871 -273.021 -248.059 -348.728 -138.477 74.5371 52.2768 -165.63 -179.284 116.613 316.662 464.379 -23.4795 -84.7202 456.616 -58.1035 -62.5143 41.5581 472.385 -396.414 255.625 -348.408 19.6385 -171.672 165.445 -127.557
440.721,0,-88.0616 87.456 419.227 201.1 -16.1748 -98.9298 -378.479 -171.068 188.18 323.374 45.2747 275.63 65.9413 90.9763 -290.016 -392.814 152.171 236.207 -3.57465 -387.251 -264.697 405.155 182.608 -270.24 308.741 -103.467 -287.449 -33.6473 -18.5989 340.645
416.258,0,216.952 -407.677 -82.6777 -266.802 -205.082 -252.183 -419.267 -223.952 -5.49542 98.8383 -289.248 -74.5488 -14.2713 -249.523 -209.312 163.824 251.003 225.816 -338.11 -42.0045 -37.0903 200.454 -15.5749 -227.365 -101.568 346.971 -418.239 -409.257 -77.557 57.4825
489.951,0,26.438 65.4889 10.3239 120.782 495.227 -358.096 262.517 -109.039 -126.702 493.282 19.8427 206.896 -10.5551 125.799 -19.3216 461.092 47.231 63.6011 -101.943 -382.835 90.3995 484.866 -145.016 288.718 -466.505 -234.179 -60.1649 229.795 -325.393 68.4137
508.594,0,2.89441 30.7338 -271.307 -266.861 318.333 425.788 -417.731 482.215 -162.526 148.565 -466.92 -157.3 -246.11 -12.7646 -80.1529 86.6517 -36.4077 -410.68 -275.057 -190.888 -140.731 -69.782 129.369 -383.617 20.3524 -108.213 -306.28 -320.754 126.843 365.343
317.515,0,125.633 -459.235 132.985 70.5658 81.4042 -110.85 -106.486 -71.3807 -98.9371 -180.855 -58.1599 47.0768 -269.275 108.22 222.658 328.391 188.289 171.893 298.114 137.655 -218.707 296.255 156.08 -474.847 6.05206 -178.428 -40.1617 -230.459 -215.543 -17.7915
328.611,0,137.932 60.7844 -427.846 173.929 326.539 -74.3808 -27.9726 -205.447 184.408 -454.015 202.287 -63.8144 16.575 154.128 -243.405 -273.072 -62.7464 26.1475 -101.551 -332.696 -347.333 -153.43 -207.608 328.257 167.085 37.652 -48.8462 -56.2799 -143.752 -9.52054
374.481,0,6.19681 -19.2477 -19.5417 -345.554 263.992 -157.402 3.21149 10.1569 108.982 -443.06 156.859 210.721 -117.851 92.5836 -428.592 -251.791 73.457 -279.786 -47.5967 -400.151 -98.8979 98.5341 -375.546 -125.29 -163.884 112.215 -32.3319 289.871 426.162 63.1431
446.157,0,-485.714 243.603 -184.757 141.753 335.424 -235.591 -231.556 -21.9453 156.294 58.3629 63.5806 -226.001 -164.809 307.366 -133.732 -99.2187 -230.446 169.409 400.313 477.099 -202.046 158.078 -326.724 -87.1436 21.2638 -121.64 -199.481 -355.004 -291 247.235
383.125,0,-38.3423 209.385 -102.931 70.4284 94.2095 -12.8185 -89.6149 45.5373 -459.23 81.3998 182.316 -184.467 214.037 253.388 -190.317 -183.045 -409.322 -378.814 -71.2241 126.222 65.8837 -40.6155 -416.509 -336.015 -149.632 96.0916 221.827 405.054 261.99 -214.468
448.173,0,-189.764 33.4884 -265.559 -282.278 -418.757 133.861 -146.815 475.721 -490.628 -396.751 -305.198 -264.196 22.999 -44.64 -326.118 33.2545 -104.421 -84.978 -18.4885 119.471 -199.029 66.0726 -201.922 -453.485 202.438 -202.93 73.8267 -50.6773 53.9038 -270.074
506.887,0,101.349 -265.271 -364.661 -195.302 44.9366 232.091 -398.975 -346.598 -261.638 349.032 -144.299 84.4804 -196.968 -392.53 274.179 -39.1801 -349.686 -242.82 474.351 158.717 32.8313 83.1901 -113.414 -413.145 338.188 156.551 121.356 40.517 407.811 -64.9284
458.989,0,190.469 17.7941 -225.113 20.9515 -400.718 -436.732 95.9388 297.862 -203.591 118.481 53.8066 -223.493 -59.9314 -141.767 -69.984 -392.191 189.703 355.81 -191.041 230.811 -107.681 398.737 -478.743 -97.2598 19.9955 -378.802 -300.724 -227.572 -219.078 92.5737
384.074,1.6188,114.706 -5.94257 -322.886 -31.3259 210.614 -347.528 -329.629 93.5339 237.502 361.526 -125.615 -223.397 316.34 256.796 177.706 86.8899 56.8875 -70.9659 -45.2154 -434.658 -29.5009 253.478 308.95 298.064 -143.941 101.365 -55.6905 -45.5627 227.513 -369.864
453.899,0,407.424 202.763 -201.399 101.188 334.933 -253.236 -192.587 265.453 -97.0002 -283.11 -237.663 -364.272 115.149 -7.71695 -57.64 6.16299 187.849 -130.249 412.464 15.4589 335.812 -210.308 -234.298 192.689 474.617 -300.408 168.519 -158.324 -176.555 -320.349
435.442,0,76.5696 388.218 232.329 137.521 16.413 303.07 -245.729 -411.853 -283.687 242.355 -173.327 334.101 -198.083 44.1478 -242.317 -153.396 -185.29 151.514 -68.8872 302.402 76.188 -100.289 -134.272 -47.8438 273.303 458.405 128.293 -392.709 277.43 244.386
506.432,0,167.573 -436.632 195.12 -249.214 216.134 151.96 -198.034 -159.395 -38.1326 -488.497 -55.268 -319.841 187.131 -342.964 270.891 -301.298 62.8769 478.15 322.962 -22.0461 303.009 52.1946 -321.935 -103.722 -134.286 -405.702 224.942 -97.282 -136.591 313.835
458.746,0,465.987 9.19168 146.693 218.646 -27.8477 5.26749 158.368 250.913 5.49597 -153.014 215.901 397.915 -318.264 209.981 319.63 -179.695 389.346 251.57 -18.3519 -92.8934 -438.492 252.533 197.948 -253.315 157.824 -169.93 346.785 212.699 -319.026 207.493
442.282,0,116.566 62.7372 368.951 -306.539 -83.697 7.73282 280.809 -37.0939 -55.7658 200.639 -425.577 -396.459 -156.535 -284.243 28.4131 47.4016 -162.982 151.063 -266.605 410.904 392.286 147.999 299.742 343.18 -286.108 72.1417 -185.564 -80.8089 -373.392 -6.52802
447.519,0,-55.7342 -353.544 -330.612 -66.0833 -311.898 -290.87 -235.352 -306.87 -308.627 158.195 38.7744 -185.486 -63.0545 -104.881 -403.625 -312.584 -187.696 -247.886 -39.2661 -330.016 -64.3683 132.477 159.656 301.039 -176.981 -483.801 -86.0834 85.2386 306.75 -248.964
362.224,0,-269.077 383.442 155.386 -269.197 -59.0377 73.472 -46.4765 -197.892 -178.13 -100.154 -337.754 169.687 -143.775 143.33 -351.566 -297.305 173.61 -444.483 8.47549 69.7803 -150.964 -176.655 99.5035 5.1911 -240.372 -89.1102 -69.7312 159.672 230.596 -441.577
408.054,0,308.845 -140.967 -43.7788 -126.79 470.367 227.598 305.243 78.7571 11.4543 -72.3521 201.418 189.02 70.7274 -280.267 479.6 -43.3743 -109.637 375.941 7.15399 -408.6 -123.368 22.4457 -212.129 235.838 227.926 -86.3763 -297.342 302.926 133.166 177.233
436.407,0,-277.986 374.478 -379.189 -103.035 -330.164 -78.756 243.169 228.614 265.717 -247.519 368.508 -199.983 3.4498 327.568 -246.099 22.7916 -76.9491 -414.605 42.6982 -257.163 196.639 -73.5753 -27.9477 200.353 -31.0548 -334.738 -316.742 169.447 275.707 134.935
386.47,2.5123,-240.386 88.9384 -200.606 164.656 -96.6056 -150.552 -37.1595 -426.151 -281.36 -177.142 -470.152 174.159 -75.621 -388.499 58.6074 -320.141 -70.1467 77.8652 319.871 104.547 -145.296 -295.383 -200.657 -78.9589 158.748 96.8888 -320.107 -346.009 55.8871 -174.244
-24.4298,1.2065,20.7312 9.28105 15.073 -12.9917 -18.7735 0.286839 13.1935 -18.1919 -6.00788 -0.138906 -19.0751 21.0464 1.44371 4.82211 -1.14133 20.1415 -27.7106 14.4666 11.6287 13.0435 -23.8312 0.792185 -13.5495 -14.7407 -5.48478 -6.18415 -5.43084 -24.1576 -17.8541 8.00947
-25.6954,0,0.600807 12.1541 -17.3713 -17.8205 -19.2685 -7.39651 -8.89874 -9.95227 -6.34421 5.25297 2.00895 -9.80988 -0.069252 -11.4484 -4.28219 2.14192 2.72485 -29.4623 -4.46314 11.7714 8.03487 5.96894 4.11927 -18.8636 21.2057 -28.2913 2.82267 -4.62439 10.5436 0.0891647
-24.2967,1.7996,25.0113 3.55718 -4.21677 12.3757 -10.763 9.14465 26.9315 12.9116 -21.2697 29.6371 -3.1557 -9.42762 13.9937 9.07931 3.27352 -9.83834 -10.7149 -8.97598 17.3084 -26.1262 -19.4373 8.33428 0.885466 -3.31741 -25.8458 9.46903 4.36664 26.4013 8.28859 10.174
-24.1371,0,0.40255 2.9271 -26.2751 11.8893 -3.00381 8.21583 13.255 3.37678 18.5598 -10.709 0.91988 25.0065 -27.6151 -17.8196 23.8007 12.2574 1.64012 7.00135 8.59939 -5.75976 10.9294 -5.16007 25.7785 -17.8194 20.8941 -12.25 -26.8929 1.17739 -3.16314 -23.0028
-23.7213,0,-4.32532 28.9896 -16.8154 7.49249 2.98063 19.8582 -0.797792 24.5109 28.7431 -21.4512 -0.338778 -9.13316 6.80615 -11.6811 -28.9028 5.26928 -12.8227 -10.3874 -12.73 -15.2551 -9.87026 16.0771 -22.028 -8.72113 -10.5415 18.0653 -10.5491 9.05583 2.38266 -2.95588
-24.0918,0,23.8853 13.2646 15.1981 -19.4458 19.9046 -3.96996 23.2833 -10.4412 -9.21925 3.02827 -1.27119 -28.0411 -1.13822 13.9829 17.0351 27.4592 19.2066 9.73328 -10.9911 -1.247 -11.0179 3.46802 18.5826 -23.9056 3.52799 3.29528 -15.2074 27.4882 2.72398 -1.97997
-23.2211,0,-5.54543 -21.9914 -5.95181 -15.9927 16.9156 -27.9406 11.8895 8.21704 4.23046 -16.4907 -17.477 26.7735 -0.0993519 4.26408 9.90241 29.1445 -16.4623 11.5869 -26.0664 9.40509 4.97189 4.5992 -10.1091 11.4982 24.4867 17.7909 -20.9098 4.05774 5.99718 -13.1721
-23.2067,2.0143,11.6877 -9.73567 -12.2906 9.543 -19.873 15.9844 -17.3271 27.2277 -0.406519 -1.45879 -6.863 -22.8593 -1.78823 17.1959 -14.6006 2.47654 0.561022 -23.948 -16.3687 -15.4585 -8.40631 -18.7584 8.62788 -28.6923 1.25563 26.764 -2.34248 -28.4756 11.2054 -6.09269
-22.4368,0,11.8992 0.811802 -3.99874 -25.3233 3.61626 6.07378 1.70904 -23.3523 15.419 -4.12101 -20.138 -10.8832 7.59143 -14.4872 14.9414 11.7906 11.4445 5.28146 4.88515 -3.3737 26.8327 19.0829 13.6646 1.64177 -8.30016 -11.4663 10.6954 4.78365 -21.2064 0.20878
-23.1778,0,28.4587 -11.166 11.0587 -4.97141 -10.4291 -9.7053 3.49023 -20.3278 -28.4267 -18.3606 16.2326 -23.2887 -14.7169 -3.2892 20.2169 10.8571 24.2204 25.9956 14.0143 -7.93629 -29.3807 -13.6479 28.9979 -21.1419 -28.6743 -18.2384 0.838469 -11.3051 5.84809 -24.2182
-24.0215,0,-7.87384 -5.68328 4.15393 -19.8233 -26.8457 3.05346 -9.60564 5.94028 -21.4326 2.51638 -4.31529 -13.1089 -20.1104 20.0126 6.75624 22.202 -7.52955 -4.614 0.0305157 4.25177 23.0453 15.4027 -0.457541 -0.471844 -1.61842 -27.4673 -28.1209 13.3773 20.2929 -4.41602
-24.2835,0,27.1722 -23.1211 -15.1263 23.9229 -28.4393 27.8421 -3.34664 -1.96089 1.31432 7.0687 1.48653 -7.44024 -1.45162 -7.49518 -6.59224 -23.5637 -17.684 21.57 9.93798 0.606533 -29.1681 16.8979 13.4536 12.8091 14.1418 8.7849 11.1739 -3.64517 -14.1061 9.01964
-24.3,0,-26.6922 5.15722 1.10337 10.2164 -2.67872 2.14587 15.093 -22.0599 7.1672 -7.6613 -21.3786 -6.87387 7.22851 21.4843 -17.3467 5.50854 2.60506 18.1643 -3.82484 -8.00037 3.12283 17.4846 -2.8008 27.8592 9.38118 -2.77826 -1.42824 27.2819 3.62201 3.50601
-23.1011,0,-13.2963 9.44365 22.1766 -2.89129 20.0725 -1.1298 -29.022 13.4127 12.4845 -2.4815 -25.3319 -2.08287 18.4804 18.8261 -21.9201 -25.0578 7.83301 2.02586 -2.82147 -4.53848 -19.1464 29.0204 -10.1215 4.80596 -18.1613 0.474773 1.21391 8.39109 14.9574 27.7854
-24.2056,0,-26.0186 26.5927 24.3498 -27.7467 -13.0875 17.5201 -7.0039 -27.4078 -29.7479 -24.335 18.6189 2.10978 -16.357 16.6703 -10.1843 -21.029 17.8979 -5.80025 17.6298 1.5474 -0.609409 20.7023 -5.15024 20.5504 7.64978 -5.28024 -21.2583 13.7169 14.3674 8.70333
-23.4338,0,-13.0405 7.49593 15.219 25.9483 -13.9793 -1.31878 6.16628 -28.0979 9.81927 -1.91375 28.829 -12.6439 1.32034 25.9016 3.80307 21.675 8.74819 4.43964 6.48254 27.3769 28.9507 -4.42759 -6.7268 4.59914 -9.81215 13.1391 29.3833 -10.3421 -15.1749 23.1903
-25.2036,0,-15.7285 -1.69155 7.10485 -4.574 9.44546 14.6174 19.9458 17.6506 3.2397 16.985 -11.4299 -6.39455 -10.6975 0.517773 13.8714 9.00985 -13.1116 27.2086 -1.12636 20.2938 15.0081 20.2301 -6.93285 -0.48658 3.76289 -5.95443 -2.6982 -16.2437 25.8788 -17.3349
-22.4679,0,-29.7112 2.71832 21.6048 7.82684 -22.8649 2.91394 -8.95658 8.15985 -9.62059 5.25006 19.8356 -14.1619 6.69434 -9.03996 6.72437 -11.8824 10.2795 -19.1009 -19.3159 3.99342 16.4038 15.1291 2.55159 10.554 -14.9379 8.44843 1.06466 1.79101 7.13981 -1.59665
-23.104,0,-25.4968 -18.1685 12.5495 -14.7631 -15.4558 7.1966 12.4965 -17.6419 22.7323 21.0136 -10.7854 2.20994 21.0089 5.93468 -17.825 2.21378 -12.8998 6.77193 11.5176 16.8021 -1.58134 -12.9899 -14.2161 15.6178 -8.42594 -2.75587 18.8454 -10.1624 20.4384 -12.3055
-24.2712,0,-16.2094 -4.43137 -27.9738 19.0832 -28.1094 -8.25501 -5.14405 -3.23137 2.76979 12.6723 16.0874 -17.5218 -11.5929 -7.47378 4.33334 -8.09984 -19.8024 20.4539 -9.49503 18.5081 -29.3535 -13.95 18.8067 -12.0494 -2.2012 -26.2399 11.9652 -16.0377 -26.0484 -19.5649
-24.5089,3.1951,2.36869 22.2346 -18.9202 3.46775 -0.695122 -7.44842 -9.98239 29.3694 23.0401 22.4257 -5.62733 -16.7593 16.0348 4.90249 9.31136 -7.14708 10.7365 21.109 -2.32476 19.2019 -13.9188 -15.1385 4.30772 -2.55603 12.8417 -0.972569 -11.2452 -4.8499 -3.61962 -8.62498
-23.73,0,14.6847 -20.7601 -6.19839 -14.338 -26.1266 24.0845 -7.78522 12.7145 11.0039 13.971 7.37649 15.0241 19.485 25.5591 21.5897 12.3997 -5.81725 0.473978 5.68574 -4.63731 10.9528 17.2018 0.709166 -28.5067 18.2436 18.6662 21.1844 -1.81591 -4.56373 -11.2147
-23.8156,0,-18.3791 -17.3001 -28.0645 -2.46284 13.6244 -4.46536 0.590876 23.8098 7.81715 16.637 -10.236 -5.64118 -1.61668 -1.31598 -17.4372 -18.6829 1.61463 -25.2849 -20.2293 -20.5108 2.00784 3.71384 -13.09 -28.4512 3.55754 -4.53405 2.32843 -0.159399 -14.3143 -7.23726
-23.557,0,25.0875 -22.8472 -9.96786 -27.3191 13.158 -25.4935 18.0907 26.9568 26.6855 27.6536 -9.93082 3.5118 2.83874 5.5816 13.9035 -0.0269928 2.95724 -19.7409 -9.36834 -0.418585 5.97231 -23.054 9.12382 -26.2987 1.97561 18.9627 0.76565 19.9483 13.9668 -12.5181
-25.6453,0,-7.86787 7.45687 -2.54293 -1.92068 -21.1643 11.8086 -4.75373 -19.7205 1.31427 -28.5384 9.40688 1.1073 -2.65238 -17.6672 3.65759 -5.64151 -16.9562 9.23184 8.04295 25.8413 -23.2867 -6.18944 27.2576 -27.1713 12.9323 1.34358 -29.5761 -2.2097 -3.95392 -10.3119
-23.5524,0,-24.5984 -16.4079 -10.205 -20.065 -6.8227 -12.811 10.1784 -25.3147 -14.4514 8.64993 12.8818 -14.0209 9.01851 4.5363 3.01805 -2.93688 8.08039 -27.605 -25.1573 -7.26807 -17.5479 -11.1562 -9.41343 -29.9458 -15.7487 7.76062 5.20679 3.94888 -12.8349 7.02896
-23.8777,0,-2.75959 -0.293488 12.7146 -7.06224 -11.464 -21.9399 -21.2046 -7.47716 -5.24514 -20.213 -0.890263 -19.36 -28.8836 3.77029 16.08 24.8001 27.5355 -17.6175 -0.333479 14.4711 -2.83187 3.31782 20.7433 -13.0497 13.5724 -1.8278 6.78226 -5.27075 12.1705 -24.0809
-24.145,0,17.8133 -25.8396 -22.9185 -12.4632 -29.6272 -28.7124 -9.14228 -2.35063 -5.56634 23.8356 5.33015 0.888062 -18.526 20.4847 -28.4317 4.19387 0.386267 3.36605 -17.9894 5.21206 20.9509 17.1848 20.6505 -23.2964 -21.7952 -19.2363 7.02666 18.9281 12.9727 10.1454
-24.5537,0,26.856 16.5168 2.77173 -10.0952 13.5525 -13.8869 4.47723 4.03426 -21.8555 -9.35628 20.3299 -2.1681 27.7601 11.5541 -27.3584 -13.7523 0.115324 -2.20769 22.9315 -11.0419 -23.3793 28.8279 -18.2737 -3.41466 -8.52801 4.5407 4.0144 8.20705 6.9161 -3.09583
-23.4132,0,23.117 -8.62747 -18.5246 29.9407 -9.44068 29.1507 -9.50904 28.127 -21.7044 14.8066 -3.96327 11.9365 -24.1108 -15.1163 6.01838 12.9615 19.2481 -0.0594406 -5.52699 10.7068 -3.68578 -6.754 14.1538 18.2222 -9.86404 12.8682 -10.7403 -0.25499 29.6253 -12.3025
261.414,0,2.04704 -11.2654 -29.0553 -6.26838 -7.17447 8.20434 15.36 -4.58532 15.9695 -6.68588 -27.7242 -4.47445 -27.1482 5.12976 -12.8383 -19.9758 -12.1207 -28.0815 5.59284 -3.05274 -17.1635 13.9716 24.3623 15.2173 -25.6344 -11.2376 -6.46598 21.7144 20.1069 13.0879
276.226,0,-18.2419 24.9936 -18.4995 -19.5618 4.8882 16.7264 -17.7643 -2.47357 -14.0989 0.610914 7.8951 13.9671 -15.5688 -5.67667 13.8811 -9.71579 -17.4196 -11.9983 -3.96656 -28.8046 -18.5399 -26.5359 19.6919 12.1528 18.9776 16.5421 -9.66856 5.32139 3.97888 4.86012
181.855,0,-7.68468 8.29011 5.15391 -12.9434 -19.3367 -27.0105 -18.0635 -0.358446 -11.4241 1.22887 10.3622 9.24244 6.54546 -11.9146 -8.17075 -13.9842 -19.6397 -1.81182 -3.28186 14.9891 -14.0409 -20.8234 24.7501 2.40211 -16.4746 22.8803 7.49739 20.4239 -5.66558 23.3615
253.47,0,-19.3263 12.7054 -21.6923 -18.0463 -14.0736 25.38 5.82772 -23.6475 19.9619 4.98716 -26.539 9.87416 -4.25562 2.83123 17.3258 -15.7127 -7.09428 -15.0908 24.6177 -9.77329 26.2095 7.36903 -3.35187 20.1622 -7.82809 -25.5664 11.1894 3.19608 0.744198 14.1552
236.173,0,27.2901 -0.936569 -23.7725 14.7921 -24.0521 22.545 23.1064 -21.3644 -12.0158 -29.7539 -7.10882 16.8165 -5.5007 20.0688 4.31648 -16.6435 14.7576 22.5142 0.924139 1.03154 8.12597 16.8538 -28.3721 -4.55895 1.76418 27.4111 17.6515 10.02 10.441 22.1234
222.54,0,14.2399 5.10003 -0.832125 -27.0553 27.4664 -4.16948 21.5359 -24.7215 4.12058 1.07314 -19.7246 -5.69848 5.83443 14.3834 -8.6276 -18.97 -5.33298 -10.0222 -27.3542 -9.85908 5.92435 -12.282 -8.4119 22.0646 -14.9578 -9.01565 -7.27921 5.06855 13.5589 -28.6345
288.235,1.7851,-17.0928 5.50885 -12.311 -24.5298 -21.657 -7.01936 -12.3334 -19.4631 -14.4648 2.94817 5.56943 -1.6478 11.4629 14.2922 15.585 -27.3441 -19.5166 -13.1537 -25.235 -23.9528 20.7221 -9.75628 -17.6155 29.8944 -9.91498 -12.2292 11.7467 -7.69009 -22.5583 -12.8291
227.067,0,25.0651 -15.7837 8.20075 -23.9533 -0.0760498 24.9112 -12.7453 -19.5806 0.977476 1.51467 -0.229965 4.46867 4.66324 14.1974 -18.5893 28.1383 -2.28722 2.71955 -3.87954 -1.08039 -18.2556 -15.0758 -8.26829 9.00714 -9.02046 -22.3542 -18.3925 12.9363 -8.73242 26.1904
259.253,0,7.47673 1.4684 -28.3376 -3.24991 -10.7626 -6.90582 22.4103 14.5996 -4.91148 -8.98344 9.53837 -9.07833 7.59838 15.0489 18.0831 29.0041 2.75719 26.7303 -5.9896 -0.992287 4.95505 -4.75689 -1.28388 12.9913 -20.9393 1.17232 22.1654 -1.88944 -15.8041 -6.4185
218.953,0,2.13005 15.3407 -29.8712 17.5506 -0.656013 -1.30519 -7.62519 -4.68609 -3.12593 4.52988 -15.2469 8.6306 -7.89112 -11.378 -1.71378 -13.226 13.189 -14.4408 6.00537 -13.0686 -6.06204 -10.9647 -16.1115 -22.2141 -5.67141 11.1237 25.6612 21.1172 10.8049 -2.525
233.593,0,9.79772 16.3907 -0.93815 16.592 -27.299 -5.97742 4.69566 -21.1791 -8.20478 1.5209 -26.8602 9.34906 -4.08327 1.75205 -0.503721 -23.8433 -13.0827 14.4286 -1.4879 -15.0653 9.8623 -4.24438 -14.4965 0.198315 -27.5403 -5.37938 23.341 -11.0774 0.0838966 -0.671127
250.689,0,25.5989 12.0907 8.22091 21.7126 2.16385 16.3753 21.9246 25.8866 10.5222 8.9262 -3.79495 -27.9617 -15.6134 -24.2916 24.4475 -23.7227 6.68176 -2.49566 -9.29543 5.77534 -11.0049 14.4239 -0.160761 -13.9373 -10.9854 -1.19437 9.22274 7.53027 28.534 -6.62475
270.047,1.6347,-15.9921 -18.5598 12.2417 -3.83854 -2.86452 13.1828 -6.80742 -5.35683 -1.85174 28.1586 -1.76855 7.69355 7.29454 16.2687 0.726561 -0.856377 9.70293 -18.0986 -3.35436 -16.3848 -27.4981 27.6044 10.9175 -28.0312 -2.84764 -5.37419 -18.4877 14.8682 -20.023 -16.6969
259.191,0,25.0202 -28.1895 1.91374 2.96828 7.93143 4.22824 -25.2546 -23.7509 -6.84876 3.50522 5.35002 -2.40289 12.1964 11.2983 -21.5446 -3.50401 -28.0104 24.431 -13.0096 16.0648 11.8934 29.9705 -13.9788 20.723 1.90026 11.8165 -28.4305 -5.76554 -12.8962 -0.898327
246.267,0,9.03308 -7.35081 -19.9609 -20.25 -26.5492 -3.51395 -13.8288 23.6335 2.74328 10.3476 -26.665 4.19025 9.11438 13.7875 -1.28533 10.5202 -7.6286 -10.1658 -11.1231 2.21962 -12.7051 -2.84948 0.448257 -11.321 -1.99252 -7.34123 -16.7266 19.0025 11.6959 -20.8543
225.728,0,6.97215 -15.0425 24.214 24.4311 -1.34966 5.7883 10.8496 -26.2677 11.71 18.7349 1.46175 13.8006 -22.055 0.835075 -0.925701 0.606472 -16.5454 -8.18311 -5.31285 -20.4225 -26.5676 -10.1259 -6.23357 27.5598 0.321575 27.5264 -27.5625 -5.83298 1.7009 -23.3235
264.263,0,20.3167 -20.8979 0.213518 7.90489 -17.2769 -5.71592 3.16381 13.6907 29.5724 2.58431 -15.176 -28.0387 -16.6694 16.1344 14.0667 -2.94633 -27.9523 0.115471 0.0674095 -18.6738 18.8489 -3.12568 -16.1155 -24.1662 -13.6087 22.6871 -17.0835 10.4197 -0.608534 20.5274
270.39,0,15.369 4.56355 -5.67185 3.36042 3.95519 -2.80516 -24.4098 9.67372 -20.8163 1.81682 -19.6644 -21.7332 -4.70467 -7.72263 17.5713 -16.0172 -4.5095 0.298372 0.00954056 23.3023 28.0294 -16.7175 8.61236 2.83165 5.58022 9.70757 -21.3956 0.0168648 17.7138 18.7343
248.017,0,-16.2773 0.268147 -8.32729 6.50686 -0.1576 -12.5504 -23.8052 14.1465 -11.4095 13.1609 -11.9096 -24.2436 -13.5895 20.8358 -10.6521 -4.69245 27.5896 13.8472 2.03759 -20.5502 14.4467 9.71047 6.91837 6.85891 -5.6858 -15.6215 -20.2654 -12.3334 -1.93522 -5.46657
245.068,0,1.07853 14.642 5.98729 27.3487 -5.2506 5.00549 -22.275 8.70119 -22.175 5.50986 13.7142 -29.3349 -3.85256 -13.4879 5.55157 -14.3768 7.44587 1.38581 -22.4544 5.74199 28.8364 26.0151 0.606897 -17.0512 -0.35663 16.8104 15.4003 -11.0312 2.25972 5.11802
239.765,0,10.5611 -10.4154 26.6701 9.00793 -9.28159 -2.58248 17.3808 7.66484 -12.8163 22.7514 -15.8837 17.0798 -28.3993 -27.2089 27.9987 13.7015 -7.82443 16.5081 23.4084 -6.23992 10.9395 1.25241 28.561 -15.9416 -0.947079 5.63985 -16.1521 5.29318 -7.84569 -14.4829
260.963,0,-0.646904 -13.81 -7.25548 10.6577 7.78386 9.48816 26.4539 9.36542 17.0606 28.1667 0.220263 2.61442 -28.259 16.0845 29.2201 22.8595 16.1267 11.5342 -6.23855 27.5797 -14.3397 -25.6085 -7.02014 9.38934 11.4524 -6.50138 -24.8921 -6.25092 4.91358 -26.5933
229.041,0,-10.9272 -13.4528 14.8361 -1.9357 -11.1042 7.15024 -27.4705 4.84224 4.33952 -15.3417 19.6849 22.6032 6.24887 -1.93239 6.53255 -3.89057 8.40737 2.4974 -9.43406 10.6455 16.0222 -26.0991 7.62555 -18.7604 -15.9424 21.5922 -25.3572 21.293 13.1076 -5.59389
253.256,0,17.53 26.8013 -1.99949 -16.9571 10.2758 9.1973 -0.463278 11.7591 16.2873 -8.5696 -11.3352 16.3359 -5.90339 -28.1475 9.74798 3.99157 21.9899 -5.31593 -15.3447 -28.9205 -4.62082 27.6854 -28.7041 25.6062 13.2872 -9.57907 -15.4701 -9.23589 10.9308 -8.04861
291.564,0,1.95695 14.0891 -23.376 15.4479 11.8205 -11.9936 -16.2839 26.4024 -19.173 -0.899006 21.9029 -17.7421 -25.3828 -19.548 13.9429 -23.2276 -7.0098 14.5899 -17.2467 18.1667 11.1645 -26.446 -28.4403 -29.0682 6.5982 2.85829 27.4953 5.77283 4.4375 -13.1085
275.81,0,1.66715 4.2451 28.8176 18.2843 -10.8291 15.7011 29.1486 13.9849 5.31893 -5.92097 -3.47558 28.576 8.17799 2.11284 17.0824 -4.03798 11.6339 -24.1487 -5.1041 -0.411322 22.2163 23.9817 13.2071 12.271 -0.465967 -3.2599 -2.94116 27.9645 24.5779 -3.5638
301.697,0,-26.2747 2.97481 -10.3532 -3.68992 19.0943 12.5827 5.29021 3.63275 -16.4885 -1.42193 15.6263 12.4993 3.91122 -18.2355 -1.42961 28.041 -15.9867 23.2907 -13.5449 -1.73678 -25.2811 24.1752 22.1618 -11.2923 19.6282 -18.2514 10.552 0.879343 9.49397 -4.263
249.209,0,-22.053 9.64566 -10.2023 -26.5801 -27.577 28.1688 7.29929 3.85166 -17.9061 -0.811094 14.6807 19.9927 26.1804 27.0783 17.7436 28.4524 15.1146 -14.0424 -9.6016 -6.3213 20.699 -17.8359 8.39072 -9.21632 -27.2988 -18.3272 21.5588 29.8559 -1.68849 -29.2631
279.829,1.759,-10.7417 -11.1447 -13.3023 -2.90672 0.806919 7.21865 -7.73975 23.1152 -17.6835 29.41 -15.7887 -4.62308 6.65868 -1.17069 21.123 -15.8926 20.3096 0.21443 16.0857 11.3836 14.0317 24.8622 -27.3736 -12.4034 15.8283 -5.62545 1.37445 -7.47446 12.027 -21.8412
248.107,0,16.5048 22.4724 -13.5244 24.1816 6.22585 -1.20295 -14.8121 -24.3776 -28.6171 0.426893 -12.8992 0.613987 4.59525 -2.10054 -24.9237 28.9007 -28.3492 7.07281 0.162653 6.82106 4.3323 -26.9136 -17.5382 14.4327 -8.84238 -4.65793 4.55185 8.47391 -4.78182 -12.1448
470.344,0,10.7615 25.3769 -13.874 -4.98936 13.7511 3.79582 -6.34389 -14.5494 6.26557 -7.36625 12.7589 -29.5406 -7.6746 -20.7625 1.32641 -27.0043 -0.219805 23.5137 10.4526 -9.51681 14.7562 17.4961 -26.8461 14.4754 20.9625 -12.0944 -13.6594 2.28589 -12.4076 4.38641
443.206,0,-4.59466 9.49486 -1.48796 -21.518 -5.23377 -12.5873 -27.7651 5.57483 26.9097 -1.3055 -4.30456 8.75941 3.83712 -18.2436 0.707088 -16.083 -10.116 -3.27003 12.4972 -8.47083 18.6709 -16.3194 -15.4407 3.93355 -8.14487 -17.0256 -22.9724 1.14677 -17.5702 20.0225
466.072,0,30.6216 27.5482 20.1591 4.94344 -20.2984 -16.9919 -11.6593 -11.502 0.265354 -18.0714 -1.22194 -12.0048 4.66655 12.8541 -17.5481 1.14017 15.3777 16.7146 -1.7662 10.2134 -10.7593 12.8911 -1.39433 6.26175 -1.61635 -31.4028 15.9067 11.6666 24.8782 3.43025
405.633,0,-13.0614 -10.0403 -7.59211 -10.8198 -16.5864 13.2549 1.48354 11.8754 -13.9548 -7.33556 3.65742 -6.7542 -14.0278 14.6645 9.01986 -10.1059 -20.1385 -12.3683 -0.729912 -26.2477 -11.1731 1.1998 -25.1459 -8.84085 -10.2447 29.662 -1.91743 13.3612 7.73529 -27.6797
455.412,0,9.98276 -10.2297 15.5854 3.8959 -0.653732 -29.8918 23.1918 15.0132 11.2003 0.921719 8.27707 19.9993 -0.645174 18.618 -1.50081 -22.3668 1.67511 -19.2225 26.8111 4.03848 29.2227 -15.8747 -8.3923 -3.64885 -0.897356 -21.4359 18.302 7.34231 -3.44332 -11.0284
432.553,0,28.5026 4.84607 19.8631 -9.61094 -11.6864 3.15894 2.61164 -30.1749 9.71619 -14.2021 8.08887 -0.794165 0.512722 -10.3181 -0.682865 -15.842 10.0029 -10.3754 30.5862 3.03515 -20.2132 11.8265 15.4453 -13.262 7.38844 17.6857 4.8205 -15.2721 -18.5134 -1.80768
434.792,0,-23.6451 -5.67305 19.2446 14.1244 -24.1853 -25.423 5.577 7.62622 -1.15679 -19.7417 -27.1206 -17.8045 3.57917 -10.1679 -0.33671 -5.84602 -18.9812 28.4477 15.0327 2.2874 9.83847 -15.0061 -2.07609 14.6734 -3.55168 14.6343 11.5362 0.039444 1.65124 4.0879
450.784,0,-18.8579 -17.2813 4.43523 3.00285 17.5805 14.5106 17.3576 19.0175 10.4686 14.0442 17.3997 11.034 -14.025 -17.5539 -19.826 -20.1713 -11.1173 -2.40677 -17.8672 13.2277 -26.0893 -21.8878 -4.26422 -5.7051 26.7524 -10.992 -3.30012 7.28209 6.39634 -10.2606
437.031,0,-12.3854 11.6367 8.16578 16.7325 18.4911 0.831398 -5.18308 -17.4777 19.8399 13.3166 16.9492 15.8291 2.90926 -12.5719 -3.08132 24.8352 4.9803 1.88817 -14.0591 -17.2358 -7.31844 -1.58168 3.71621 17.6906 -16.0161 16.6635 12.1729 6.43421 30.5039 17.5606
487.774,0,27.7419 3.45496 -7.66383 2.45796 2.56335 6.16901 -22.1445 -11.6611 -10.0734 2.32915 -0.0175858 0.830036 31.1457 29.1112 6.22197 2.29278 2.57074 27.4146 -12.9813 -11.8149 26.5459 -15.7764 18.3908 17.9123 -16.7009 14.2803 30.3167 20.9624 -28.0074 1.97664
496.425,0,28.6822 -22.5851 28.429 20.12 5.63674 8.1883 4.8928 0.332474 10.4544 -9.49344 -12.9263 12.2933 18.1416 -15.6632 6.84579 -13.1345 -24.5855 -30.5931 -10.5955 -6.69848 -6.05935 -10.8703 -3.98797 29.5715 10.4575 -25.5155 -30.1475 5.7783 -0.963604 -9.81165
445.816,0,-4.43131 4.02201 -2.74801 -11.148 13.4054 -31.6849 27.0923 -31.4147 2.87421 3.29317 10.9557 30.2558 -18.5868 3.18092 -4.45536 -0.489262 1.71756 8.73171 -16.8092 2.55194 3.30149 1.42009 -28.8063 16.7975 -0.680738 19.7777 -13.8228 -27.3135 1.00508 13.6929
495.637,0,-6.96799 17.9955 -7.4864 -5.22147 4.18262 -31.9885 -23.4237 -0.388134 -7.82908 26.3299 20.7383 -4.73354 -16.2011 -1.73131 -8.70664 12.4799 4.003 6.2591 -29.4604 -11.6485 -20.8959 -21.7693 30.1251 17.1254 -6.4264 -21.5875 8.01569 10.9065 20.0351 8.36102
475.995,0,23.6481 0.284279 8.93262 -5.24958 23.7388 -10.1457 -18.4572 13.191 9.43345 -6.95265 14.0602 -20.0485 4.46861 -22.2463 -11.1199 -12.5105 -3.71361 -5.67647 -5.23705 -12.8988 -24.7425 10.4669 12.8619 18.1335 -0.0718441 29.4814 -16.7707 25.4559 2.74997 1.33572
469.208,1.7546,-1.23619 -16.4917 9.27644 23.1452 28.5755 1.19028 -2.98863 -19.1363 -8.76568 31.1775 11.1101 8.86332 10.4415 4.68717 30.4125 8.09484 -1.64035 -12.0314 11.9691 -6.89525 15.9931 -3.81889 -4.90284 8.04668 -21.1682 -22.4613 -14.6145 14.9235 0.417843 -28.5384
485.005,0,-1.48121 -20.5629 -2.71761 0.0271835 27.6193 1.79633 -0.162714 -6.9384 2.34626 -12.406 -15.1769 19.5451 -13.9523 12.1286 28.589 -10.705 -7.14457 2.04255 -25.2662 24.7292 13.4959 11.3837 -9.66164 5.43357 -16.9583 27.6285 -17.0504 -23.2918 -30.8981 20.385
437.292,0,-7.04983 -10.7097 5.39113 2.88472 -21.766 -13.0902 19.725 7.61342 -9.68244 -15.1623 -11.5415 -30.3466 -8.05602 -9.46709 -0.980228 7.59588 10.5499 7.01348 -17.834 28.6935 -0.888702 -10.7203 -2.82945 -13.0171 7.89799 12.4037 -11.6584 -17.4933 21.2337 17.3968
452.652,0,-16.8935 -22.5747 -14.7998 -1.00517 1.8238 -17.1332 5.87714 -23.2746 7.92024 -21.1231 -7.98175 -6.46499 11.3729 8.72342 8.76401 -15.3983 -18.3999 4.24358 31.841 6.89682 0.310986 -10.5334 14.4146 9.27181 26.5587 31.7962 -11.0959 6.70986 0.44791 -10.1701
509.898,0,-15.1023 9.03463 10.3976 26.2374 -11.3444 25.8515 -0.569845 5.24178 -17.981 3.60069 -19.2855 0.374367 -27.089 3.68756 26.6892 -9.87242 19.3117 -9.86683 -13.8103 -0.948236 6.1533 -28.4265 -18.7855 -0.9445 -5.76812 -0.0326996 16.8598 7.06058 -27.1423 -10.2836
445.992,0,-24.4151 -19.4273 13.9651 -1.39005 -6.16142 2.99658 -23.1973 -12.4874 -31.3325 -31.3053 4.07589 -3.93382 11.5902 -3.9198 -7.66528 7.03185 7.21959 22.7052 0.670551 13.8416 9.15527 -13.4642 -16.4953 4.28585 1.61179 28.7723 6.56031 -10.9123 -9.19263 -8.61512
458.568,0,-30.0865 -6.4223 -5.4815 11.4138 10.1552 9.21692 6.86878 -12.1062 -11.4811 -22.3018 -15.4827 -0.91708 -24.4914 2.50374 18.8184 10.11 5.36217 26.963 -8.68969 -2.1156 -10.5351 5.47264 -3.74043 31.8419 -9.65714 -25.1561 7.86121 -6.67959 -11.224 -16.1032
482.678,1.1866,14.5271 29.0273 -7.43698 -11.7926 -26.6483 17.6096 -3.35552 -27.079 15.9253 -8.981 -16.7481 -7.49226 -31.5766 1.11016 -26.3942 -22.4831 21.8481 -18.4638 -2.36662 -14.0675 -12.5659 -1.6325 -3.74978 -4.76776 -7.32305 16.5403 12.2456 1.67783 -4.26247 -12.303
435.525,0,-11.3773 17.6991 10.7216 -22.0807 23.382 17.3095 -25.2716 -7.72107 -16.0082 -7.84712 12.7932 -1.69172 -5.32603 -7.67751 6.31062 -4.57407 -0.983004 18.214 -23.0066 -19.672 -10.1051 -18.5938 -12.8244 -3.99079 -22.2104 22.5935 -4.70236 17.8196 -1.09176 -19.0886
442.065,0,-16.3199 -6.39735 -26.9988 -2.47896 -19.3989 1.72105 -9.90533 -4.46629 -13.6833 15.8932 6.51267 10.1401 -25.7246 -20.5269 14.4315 11.5916 11.9753 -1.03583 -23.0256 -3.98802 20.8904 -15.8184 -5.60921 -23.2953 -6.39718 24.494 15.0199 -11.1179 -5.0005 2.04631
363.535,0,-7.38414 21.9821 -10.6769 15.9431 3.52366 10.9233 -17.4491 -5.64574 14.2692 -11.8075 -13.403 -20.2964 -0.424398 4.82871 11.3924 11.9297 1.25211 1.97388 -3.82294 8.16938 14.8367 -18.2848 20.1693 -1.52906 18.7826 19.534 1.20334 1.34405 -8.91646 -13.3283
502.201,0,14.0838 -4.98392 19.7766 -0.278717 -7.98437 2.32169 27.9293 18.0669 0.987179 27.5297 19.8607 -18.0225 2.27793 -4.70345 21.4219 -30.0811 27.3536 7.05674 13.6948 -21.2141 16.9119 -20.0242 -2.17836 -1.48206 23.9436 5.93375 -21.7412 18.0552 0.74057 -12.8391
455.513,0,18.8435 5.69797 16.1494 29.2779 6.99358 -15.2578 1.81695 0.519989 -5.52574 -3.14879 17.4319 -9.60323 -11.5757 -2.40217 1.30489 9.9411 -8.12554 -13.2905 7.19304 24.1466 -23.3316 -16.1007 -15.5166 -17.8283 13.1148 30.7483 -4.43593 -10.8997 16.3485 -0.527153
498.515,1.7505,-4.02138 28.0428 -17.5241 -28.8982 1.49926 9.99175 14.3361 -5.4385 -11.8865 21.0898 15.3475 3.88036 2.63505 0.138691 -29.9867 -25.1419 24.8733 -1.86871 27.3004 5.04538 -6.22502 0.167053 13.5022 20.4927 -1.99866 8.05651 -6.31217 3.18465 31.7502 2.63593
467.688,8.1542,4.87555 12.9939 2.68317 -2.08389 -22.3876 -8.23278 2.16918 2.50856 -6.2365 -11.4371 8.66051 4.51233 29.2576 -25.0383 -14.4937 -7.6065 14.7395 -16.4859 -16.6368 -13.2613 7.4409 13.5621 23.7573 6.77082 -22.2892 -28.5449 21.7641 -20.4676 -5.01363 28.6653
442.775,0,-2.68287 22.3376 -4.81442 -8.73284 -14.0748 3.96056 7.44642 -18.5098 20.4521 14.1902 6.88188 -22.0949 21.9609 1.62153 13.6151 7.92286 -8.93196 -19.9893 5.39985 -1.32733 14.2816 4.09974 -15.551 30.0712 23.4126 17.733 18.5818 5.19902 2.78843 9.13062
545.553,0,-12.3574 -8.87216 23.425 14.9718 -3.57366 16.1868 -8.2415 6.80092 27.4629 1.30589 21.7418 -10.1526 3.49599 25.4895 18.3012 -6.98496 9.61263 -9.24058 -21.4746 25.1562 -17.5819 -0.90896 0.780117 -0.732735 -2.44476 12.1264 -16.4348 21.8248 4.4477 -20.0237
522.323,0,31.3062 -12.8649 2.03256 -25.0805 11.9307 -0.226688 2.97086 19.3505 9.74697 -25.9172 3.12049 22.9812 -9.94757 -27.8024 -0.581884 2.01801 3.32813 10.7169 12.837 0.0981102 -3.11313 -2.36755 16.4461 -5.61747 9.13657 26.4729 -20.5252 18.0294 22.6018 7.37476
566.872,0,-25.8197 -2.12657 -22.2969 8.07999 10.9727 -9.88469 21.4789 15.5004 14.9578 -29.5124 -2.10773 14.8397 -12.0941 16.1172 14.4641 -7.02554 18.3463 -25.2885 1.79478 -0.224031 -2.76521 25.7498 -20.1993 -21.9291 -18.1229 30.8545 -6.62186 -17.7999 -20.4966 1.01097
545.321,0,17.4583 -2.7229 -10.1018 16.8173 0.991375 -19.1932 -30.0373 0.372513 5.82353 -27.4211 5.84089 -5.24728 -6.93139 6.83993 -30.3772 8.67481 27.6122 9.74408 0.31168 1.80146 18.53 29.3412 -29.5997 -22.4626 10.4453 -29.2827 -25.6239 1.76757 -3.58161 2.88652
523.451,0,15.0535 25.4229 -8.36504 -10.4663 -1.74278 -1.59894 12.902 26.2247 -2.18368 4.05093 14.5259 2.06225 -15.3298 -29.0937 -0.102947 -0.979467 17.9274 23.9661 -12.2586 -3.67391 4.6115 -22.4376 -2.18139 -14.0157 -2.91763 21.4007 12.0354 -7.00036 3.69587 -15.8281
553.371,0.582,11.5743 -10.3728 17.6167 -9.13581 -0.657965 -3.39022 4.65084 -2.30973 22.8759 -9.59401 -28.8096 0.670292 -0.354118 -18.8637 -18.6114 -17.0255 -27.4753 -21.6547 0.807259 -26.3462 10.4139 25.5616 -25.6571 -14.4728 6.98589 19.4081 -29.5075 2.90523 1.71344 25.7432
542.08,0,14.7755 20.901 -12.4147 6.14538 20.5261 -4.44974 11.6671 5.95058 5.09693 21.9713 18.3805 28.5152 -10.3648 -8.57745 10.9666 14.9777 9.34096 12.9075 0.847401 -0.320152 -0.632826 -17.9137 17.2242 -19.7085 2.57409 17.3433 -2.80797 12.3313 1.42097 25.8583
554.803,0,-30.1003 -12.6094 1.23679 3.83235 21.45 27.766 11.9411 29.2411 9.32354 -13.6018 21.842 -9.97128 26.0024 -0.603359 1.37678 25.5347 18.1662 16.124 -13.9803 10.2344 29.6014 31.9571 5.5986 13.022 -4.38465 -1.692 -4.4166 -18.1428 -17.114 14.5582
543.634,0,16.6855 -12.6111 25.3332 -2.43393 12.8951 13.6775 28.2001 -12.9031 3.32701 -6.69772 -2.56626 3.091 -2.66626 -17.3543 -16.6224 22.6731 -7.05372 -15.9608 28.3236 26.0599 -18.9498 -13.7641 30.3958 -1.00848 8.00573 -2.32192 2.57677 -16.122 18.7975 8.68871
563.653,0,25.5339 -28.7846 8.68093 -15.0085 12.6811 3.00309 13.8203 -6.67181 -22.2513 -11.3725 -0.603811 -7.42936 22.6534 26.6969 -4.76577 -10.2212 -8.28429 -15.81 -27.2899 2.30622 -15.8708 27.7772 11.0455 -6.91319 26.464 13.1489 23.9014 -6.63748 3.02868 -0.180773
537.026,7.4656,5.91442 -3.67177 2.8859 15.9938 -11.4347 7.20623 10.3186 -7.8003 -16.8274 10.0293 25.5404 -21.2238 -28.7854 27.4149 -3.2276 7.35028 22.9715 0.219475 10.7948 -1.3569 -2.00724 7.23399 9.43492 -8.64117 17.3541 17.6719 -23.3799 2.43269 5.41513 18.1012
533.823,1.102,20.1023 -0.765125 27.8565 4.48037 -4.29512 -6.20171 -6.53845 11.8794 -29.9046 -7.79692 0.251122 -3.64311 3.5775 -14.9196 -22.2069 2.86264 -18.0563 14.3585 -15.114 -7.44942 1.44638 -10.275 5.80396 9.9817 -14.8648 16.0575 -25.1334 12.7424 -16.2235 9.73026
535.027,0,-14.7985 30.8529 -2.66255 -1.61777 -6.34551 -2.77186 -6.29179 31.3252 -11.9369 -26.4894 -0.0426693 3.22993 16.7861 30.1518 -14.91 -23.9417 7.41333 22.9499 -31.2381 -31.1276 4.33016 -4.15067 -6.26702 7.74526 -2.91949 7.64478 -23.7943 27.368 -22.0519 -0.776842
543.591,0,9.76295 4.18055 -20.1855 2.23869 12.7174 3.97776 3.04207 5.0367 -14.0966 -23.2608 -10.9014 -30.7735 -9.1252 6.92559 -3.09974 -14.5487 1.77896 30.468 16.4805 23.9886 21.6684 -29.7265 8.11842 9.35949 -13.7925 -0.156124 -1.47067 28.4159 -13.361 22.5918
545.445,0,-7.87509 -22.8082 -19.7629 0.00222778 -0.67511 -15.9718 3.13722 -6.74621 -15.0471 -22.3176 -8.21894 9.5689 -0.359739 14.2401 17.6017 26.1204 31.2786 20.9361 -13.866 -6.72422 -18.0519 -5.89822 22.9405 17.917 -13.532 -4.22446 22.2562 0.928722 5.16019 8.4804
559.378,0,-14.1797 -29.6653 26.386 -25.1485 6.90763 -26.2548 -9.81832 -28.2626 -25.2638 9.42076 10.1639 -12.8882 -22.6891 16.8512 15.0815 -30.689 26.146 21.7828 7.44415 2.33769 4.01076 -8.13103 -26.4125 7.98531 25.5842 -4.29133 1.94305 -3.41319 -5.31763 14.5771
545.534,0,-22.9169 -28.5908 -5.07361 -12.7118 -6.45121 23.5205 -1.45015 -11.137 -10.0472 26.8042 -21.2339 -31.9535 28.5519 16.4166 -12.1269 -1.69247 -9.71678 26.1631 -0.00240707 1.79093 0.468388 2.31116 18.4817 19.8022 -19.3225 -1.62636 5.38255 22.844 -14.6421 -26.4555
544.788,1.7559,7.13015 19.9493 -26.2097 16.9433 -1.34957 -22.3124 -15.3629 2.11612 3.83604 -2.20939 15.4054 -17.847 -4.3853 30.3218 18.5466 14.2852 -2.78502 -27.6872 1.63148 14.9726 -22.4784 18.387 -24.1362 -1.03977 2.917 17.8727 -1.81764 2.44852 -6.14364 23.069
548.699,0,6.46804 -15.0322 8.00126 -2.86966 -3.49565 -18.9064 11.4141 3.46474 -5.52081 1.4525 -10.67 -1.78104 7.49006 -30.5968 -30.7633 -0.874399 -30.3802 18.2163 -17.2033 -23.3161 -1.81015 -31.764 1.06161 -11.0592 22.1116 -9.15019 -23.0596 23.5105 5.78963 3.33386
534.313,0.6302,6.10987 18.4547 -9.56415 -19.1186 -4.63529 -5.42092 15.7168 -14.0984 3.85037 8.13332 24.4767 4.67375 0.431976 -7.31155 27.4023 12.2102 23.3936 9.10083 8.3685 7.86 -17.9673 -14.6003 6.15535 18.5835 27.5772 8.60656 1.31589 -0.992535 -0.916872 31.8889
552.586,0,7.90188 -24.8308 1.07317 -24.893 19.0605 25.2552 29.2629 28.6598 -17.0874 -19.8736 3.4379 8.23101 3.90401 1.01547 3.09299 -1.51625 25.1129 -27.5878 5.16618 21.85 30.8821 -11.5547 23.5932 -2.30154 3.68642 -25.7401 -16.0907 28.6382 27.8566 -27.8672
546.727,0,22.8411 25.3153 -25.6047 2.30518 2.18208 -10.4543 19.1779 -14.8273 31.0953 -7.20978 -18.5342 12.2435 -3.86859 20.5031 -19.0586 12.0848 -14.8261 -31.885 -7.30883 -0.013588 18.8049 27.9535 -24.654 8.01053 -25.7397 -3.38256 -0.716862 6.09366 -4.59835 2.26878
555.974,3.5883,16.9405 -1.48979 -4.81393 -0.855146 -16.865 -25.5586 12.0608 -17.4893 -19.5554 2.92618 21.8059 -15.8861 -6.68845 13.8064 -16.1005 -7.75901 6.5835 17.3155 6.99677 15.4811 -16.8898 11.0505 -20.966 18.1621 -1.20241 8.90791 3.00776 19.816 19.2303 -12.9409
522.393,0,4.58691 -20.3308 -27.2332 -16.8718 10.4099 5.69893 -2.27497 -16.5559 -2.50717 8.17842 -1.22462 -14.7697 -15.8178 18.1392 2.86031 16.9488 -31.5601 -7.75801 7.16381 15.811 -6.17199 -2.58666 5.20251 -16.9875 -29.2827 -22.7285 -19.6496 -0.178583 0.206108 0.40966
543.477,0,14.4205 -29.6202 0.702057 -4.65146 -27.8056 2.63383 7.23424 16.4903 26.645 19.6705 -20.4552 12.2908 -28.0829 9.59686 -4.45258 -5.09988 11.2574 11.7294 -17.0452 -4.99979 1.4309 -1.2143 -17.0739 20.1867 8.20104 5.85404 9.40956 12.781 4.86396 28.8917
535.346,0,31.828 -2.33186 16.0125 -20.7129 -25.357 4.89634 2.92507 12.1173 -13.9692 -12.7646 0.119839 -2.52463 15.1891 -11.3058 29.1825 8.41877 -24.2121 26.8784 -29.5395 7.29513 18.4558 6.08025 1.44134 1.04445 -0.496712 17.2589 -20.8736 -28.8256 -5.03935 -29.8342
567.783,2.3365,-10.6558 26.6379 2.26959 11.4805 13.6367 -1.46536 -4.57867 29.6137 5.24204 28.8128 0.597946 -6.2184 19.0985 13.7127 2.77835 7.81821 -23.5241 14.1875 -0.131124 18.7621 -8.44099 19.8198 14.8793 1.05914 4.64343 -25.817 8.65874 -23.8751 12.6744 28.069
533.288,0,-0.538221 -10.4643 13.1652 -29.7546 -30.3596 14.2665 -11.6518 7.45527 11.3244 -17.5914 12.9709 2.98463 5.15847 -1.15319 8.59395 -29.2814 4.90342 -1.17529 -5.49324 -3.25906 20.0521 5.7724 -3.83109 -4.32393 10.7866 -22.5909 -12.7276 -18.6625 25.2406 18.2705
560.034,0,9.30947 -7.94885 22.8748 -13.7641 0.760269 21.1507 -23.8035 7.98254 -13.8607 -28.4305 -22.8132 -29.8311 -3.56675 -1.53756 -0.00741005 29.7408 -27.8577 -27.4366 -26.9425 29.9988 -9.89071 15.0451 19.9401 -24.1679 19.6014 6.65309 0.910236 -17.9597 -10.8655 29.6709
522.831,0,-14.1039 2.26902 9.97223 -1.89109 28.5392 8.68489 -12.1248 -6.72643 -4.83878 3.03672 1.81775 17.3001 -6.14096 26.7971 0.874733 1.33001 21.351 13.4234 -25.0334 -17.0122 -10.8412 -0.708118 4.29444 -16.1137 -0.922394 -31.4711 -21.1107 19.9248 7.81846 3.29609
-2522.33,0,1.12003 3.99481 -358.917 -104.615 -308.109 -58.5054 -88.1134 18.6002 -213.825 -138.874 -262.834 149.114 435.78 143.928 -398.037 130.238 286.669 254.602 8.79187 -233.195 38.4206 -422.064 -107.076 -431.226 136.021 -133.366 191.302 57.8765 -139.043 -47.9815
-2967.9,3.5525,-11.522 -436.902 -239.078 -15.4966 364.357 -291.947 130.96 -351.934 195.699 325.658 62.5431 -182.946 452.322 -196.011 279.712 71.8143 177.854 -207.453 272.719 12.2998 10.3166 50.7059 -324.614 216.892 452.86 424.165 431.385 376.098 394.333 -359.386
-3277.08,0,-360.285 288.932 -142.82 95.2166 153.406 -236.915 159.073 186.079 292.948 41.1284 -397.621 363.831 248.774 401.094 421.158 199.178 165.603 131.214 -93.1389 -324.493 -189.492 -357.113 -74.2799 59.1066 -421.334 308.79 432.916 146.199 275.645 -202.003
-3842.37,0,-17.6584 -213.95 320.348 267.954 425.513 -141.715 103.709 -126.163 246.356 416.818 447.92 -130.845 -77.7631 414.283 169.084 484.211 207.381 283.708 235.273 258.783 432.278 278.639 -218.087 -140.201 -242.146 -195.703 42.3424 347.767 361.359 233.196
-3198.85,0,339.576 -469.167 228.497 -446.581 -189.879 -26.2779 328.953 -494.19 -139.185 326.125 -265.474 139.564 -92.8331 444.112 330.746 -14.9484 186.366 28.8411 347.999 432.453 391.905 165.248 -373.759 175.144 -285.294 -432.211 83.5153 -393.262 176.326 -389.078
-4093.9,0,58.4146 375.493 -350.064 409.58 253.162 284.739 298.246 219.588 -238.615 -79.7414 380.343 173.669 33.5757 -289.119 -455.441 -184.715 -328.632 -394.152 -261.775 -36.188 452.462 350.43 -130.99 -314.328 -120.507 132.894 -276.235 262.811 218.014 -434.193
-2822.9,0,-390.963 -251.172 393.556 282.836 417.06 -428.821 -134.845 71.1139 -391.799 -165.256 -62.4051 193.654 311.023 -115.475 438.986 459.065 495.483 -316.136 491.51 145.438 374.053 -230.444 -188.311 330.629 -178.396 407.427 -373.078 -254.805 108.833 -92.1375
-4550.24,0,-177.78 -394.247 -418.894 384.004 128.807 150.91 -379.742 -118.466 255.507 115.595 -347.503 56.4537 -212.502 394.325 456.071 -0.237244 410.485 431.641 48.2964 100.763 336.124 116.473 -258.297 51.6575 -493.254 353.623 313.357 478.315 489.621 61.9622
-3525.84,0,-376.952 -139.896 -477.357 -145.253 -92.0805 417.982 -66.9612 -173.428 233.149 334.917 229.188 -142.838 251.024 -228.636 317.233 -40.6449 465.852 454.722 -191.109 438.222 -301.462 -172.182 51.0887 273.329 261.509 3.29565 209.077 122.254 315.78 -478.227
-3580.66,0,-449.846 -469.065 328.027 -492.18 76.3928 -415.753 -8.86356 162.917 -365.991 406.94 -168.398 98.3762 -424.38 -318.069 195.83 215.625 465.316 -438.344 -457.517 417.742 172.66 213.736 219.925 -287.917 -48.2678 -13.102 -342.411 215.206 473.539 75.3337
-2907.9,0,-198.85 334.771 362.997 67.6631 162.13 -36.184 -24.8333 86.057 79.5259 -45.9811 -212.627 -114.711 428.685 -429.728 -358.912 -446.964 -189.478 333.067 -446.702 -2.27878 164.556 496.292 397.266 -32.0912 170.929 -68.2761 -159.593 -186.757 -249.454 -300.324
-3914.45,0,-73.801 -178.512 156.612 264.534 -134.968 -490.107 -451.762 -416.02 385.846 81.3656 329.501 79.1569 331.465 39.0995 -163.003 408.973 8.66895 169.144 -491.473 336.116 242.774 269.087 -108.116 342.721 110.791 289.343 452.04 467.499 -346.626 -356.115
-2692.81,3.3278,-462.169 107.337 -139.766 -116.668 49.4645 476.814 379.025 416.718 483.473 -337.744 -156.399 4.50021 -318.476 -58.8806 -255.825 -453.605 26.5718 -292.318 -376.369 -132.756 -295.66 -187.014 453.456 -359.021 -466.286 -487.272 -312.322 46.7961 -70.2791 160.59
-3695.59,1.7572,126.123 360.661 493.268 26.488 -154.875 160.922 75.1418 -99.0721 -8.25348 453.611 -385.006 -411.583 -138.464 30.5246 -358.42 -427.398 -143.99 -257.691 394.728 489.952 119.216 -57.5778 26.7974 -307.014 193.336 306.122 -206.548 -197.111 -58.6593 -292.929
-2802.5,0,417.86 165.68 320.048 -372.024 76.0282 -203.973 56.1216 -67.2207 374.332 210.048 378.506 420.714 5.61905 167.431 320.006 -150.098 6.39938 -412.104 445.487 342.622 112.268 -99.0953 49.3058 234.14 109.037 88.272 318.861 154.642 -66.6579 -78.0431
-4321.1,0,371.703 469.319 474.272 227.453 -15.5587 -424.805 409.026 -130.455 -92.5287 92.789 192.463 -203.13 -278.053 -33.8932 -404.019 -125.056 -447.771 -396.325 -339.483 164.147 191.873 277.471 189.048 303.896 319.615 264.129 -44.496 -380.208 -101.361 371.292
-4793,0,29.8956 277.354 418.124 433.731 309.459 444.606 2.70236 -271.146 -7.01553 308.512 221.953 -424.091 -284.414 335.771 483.693 18.9379 -233.636 487.077 94.2098 -374.211 -303.431 -104.104 -267.393 -492.614 -272.026 -315.046 -245.186 -427.148 -150.324 459.09
-4398.81,0,416.495 -338.794 -146.534 447.498 445.483 8.6217 -6.0444 359.86 -137.357 -194.784 287.045 308.899 386.765 406.106 -433.282 -134.623 408.864 -334.801 -100.133 490.892 -462.191 380.03 -95.2353 321.907 235.029 25.5452 -243.206 334.968 -365.909 -127.906
-4049.26,5.2796,-199.631 -231.423 -299.073 464.142 -59.6968 391.796 -82.7782 498.593 7.46567 -251.635 -237.549 282.3 311.364 -129.323 406.988 23.2443 337.169 240.945 -163.754 -367.522 -138.645 -34.7392 -326.289 -381.063 90.0203 -196.523 -64.458 -438.052 -339.576 -90.0339
-3151,0,490.112 401.759 -326.128 230.106 -302.944 -23.7099 171.363 -414.489 243.497 -223.271 212.659 -350.721 300.227 -471.348 -186.131 104.041 103.363 401.408 347.202 91.7538 -343.772 36.6238 -292.975 -455.412 435.716 193.78 -466.064 -432.504 -325.698 -236.782
-3410.69,5.1248,-345.404 102.868 116.138 355.323 -489.205 -182.207 -478.736 338.057 489.408 -100.745 190.576 339.746 342.725 -178.977 -71.8196 429.846 300.044 -366.482 -129.335 -495.149 -467.026 425.652 379.605 355.131 390.496 339.825 496.449 245.799 375.945 -68.135
-3732.21,0,250.582 385.915 172.532 84.1255 2.53003 -72.102 319.263 -255.013 -136.562 480.175 -177.8 415.1 385.541 152.092 469.59 14.0939 -383.132 -465.899 366.407 -263.248 274.111 -477.111 396.993 -313.342 -423.115 -141.027 53.6345 -64.5869 44.6975 -341.337
-2817.54,0,434.967 40.6432 -445.894 256.311 -463.89 -232.238 -119.581 -219.183 222.848 455.154 38.6138 -344.892 -493.921 69.4478 149.984 -141.253 378.733 -334.652 170.864 -281.012 -232.593 286.675 242.501 373.988 43.3417 -80.8466 442.094 -487.151 345.149 457.812
-3181.76,0,164.933 312.848 -12.1696 -395.854 -242.326 -9.27325 396.208 -395.181 339.763 407.987 -330.65 -440.411 -396.909 267.333 415.173 -267.866 -182.962 65.9639 156.225 -159.29 254.808 279.658 -434.155 71.1772 -437.183 433.826 -34.5269 441.982 -370.544 -363.496
-2841.25,0,106.865 253.642 76.0914 312.111 -2.97235 -295.747 -327.202 297.079 -379.957 -416.446 -371.342 275.364 -458.405 250.391 -305.024 484.576 -9.69617 360.187 -81.8412 124.347 366.521 249.878 211.484 230.903 142.268 118.335 -224.151 -138.325 81.7652 -133.96
-3294.71,0.7384,395.592 -285.362 22.7877 66.6506 259.758 -276.804 -344.27 -423.647 146.867 267.388 -152.658 -192.136 189.388 307.064 -155.567 194.388 -48.5463 316.029 -387.534 -115.964 -297.762 325.752 -136.868 417.423 179.447 324.023 262.299 -56.4922 443.581 -272.746
-2289.64,0,373.673 99.5734 -185.388 480.777 -285.66 36.6028 -461.438 113.881 -101.138 -457.091 117.566 -439.573 -223.916 -433.042 -288.418 -141.876 -230.888 455.195 -360.251 -296.56 230.815 243.409 -435.044 -334.057 277.259 -387.834 -403.557 119.777 -402.107 479.665
-3636.83,0,122.532 -156.982 -49.111 409.264 96.1291 -240.244 -450.918 -280.031 -208.48 -290.462 -178.809 -94.8699 452.254 -95.8929 401.76 397.728 -390.688 151.567 -36.7414 192.631 -6.77353 347.127 176.847 445.56 383.403 -44.008 78.4526 360.04 -480.851 392.408
-3873.82,0,-267.214 -378.77 -449.352 -17.1796 132.988 73.7582 -279.954 465.097 499.493 467.952 -309.739 -76.5852 129.059 -232.692 -199.023 -435.744 58.7369 125.299 -208.479 -493.557 -393.771 -402.665 401.003 -366.706 -486.139 -489.911 194.937 291.98 -148.407 437.564
-2652.74,0,81.7405 135.335 139.743 -30.3861 483.327 -277.4 120.341 176.111 373.374 -356.735 488.789 -261.545 -468.675 185.704 -85.2858 110.669 -272.218 -293.632 -210.567 -114.129 -163.455 402.651 428.97 -232.631 472.836 354.611 13.4275 -165.162 -28.964 -75.7695
