strategy,problem,dim,best_fitness,runtime_ms
1,1,20,16.3457,183.682
1,1,20,342.259,183.23
1,1,20,123.119,189.716
1,1,20,116.185,186.455
1,1,20,158.429,188.977
1,1,20,151.229,198.953
1,1,20,16.1445,190.765
1,1,20,363.713,216.755
1,1,20,124.635,215.699
1,1,20,7.43066,185.232
1,1,20,76.0654,201.26
1,1,20,208.549,188.945
1,1,20,245.142,198.854
1,1,20,114.753,192.685
1,1,20,131.225,183.356
1,1,20,17.5752,183.364
1,1,20,0.21875,182.345
1,1,20,30.9414,183.362
1,1,20,114.753,186.347
1,1,20,129.701,187.541
1,1,20,254.014,183.402
1,1,20,45.9512,184.379
1,1,20,156.332,182.291
1,1,20,151.455,182.162
1,1,20,229.507,183.245
1,1,20,24.4209,183.416
1,1,20,16.1562,183.546
1,1,20,34.0176,184.175
1,1,20,0,182.163
1,1,20,114.754,195.155
2,1,20,0,189.012
2,1,20,0,184.437
2,1,20,0,184.16
2,1,20,0,203.441
2,1,20,0,183.483
2,1,20,0,183.967
2,1,20,0,205.03
2,1,20,0,202.021
2,1,20,0,184.373
2,1,20,0,186.388
2,1,20,0,199.232
2,1,20,0,196.861
2,1,20,0,195.127
2,1,20,0,190.142
2,1,20,0,188.692
2,1,20,0,196.136
2,1,20,0,194.929
2,1,20,0,192.714
2,1,20,0,186.944
2,1,20,0,189.508
2,1,20,0,195.648
2,1,20,0,190.541
2,1,20,0,189.296
2,1,20,0,216.434
2,1,20,0,190.542
2,1,20,0,194.115
2,1,20,0,184.513
2,1,20,0,192.985
2,1,20,0,190.283
2,1,20,0,183.47
3,1,20,1088.59,180.993
3,1,20,1070.38,179.477
3,1,20,967.935,180.441
3,1,20,1056.49,180.29
3,1,20,923.46,182.453
3,1,20,853.18,183.324
3,1,20,1210.45,182.835
3,1,20,923.553,183.448
3,1,20,1068.52,183.626
3,1,20,1135.01,180.425
3,1,20,824.809,183.484
3,1,20,1066.59,181.198
3,1,20,1015.2,182.837
3,1,20,1206.16,179.951
3,1,20,981.897,180.585
3,1,20,1207.31,181.641
3,1,20,919.96,182.486
3,1,20,948.895,181.201
3,1,20,918.411,181.293
3,1,20,921.566,181.229
3,1,20,1063.58,181.963
3,1,20,1003.14,180.1
3,1,20,827.84,180.608
3,1,20,623.838,200.116
3,1,20,937.23,185.573
3,1,20,1077.82,180.984
3,1,20,1057.19,182.369
3,1,20,919.892,180.348
3,1,20,1159.3,180.009
3,1,20,998.06,181.405
4,1,20,0,184.342
4,1,20,0.380859,183.325
4,1,20,0,186.494
4,1,20,6.67285,185.496
4,1,20,83.0107,184.554
4,1,20,16.1318,185.638
4,1,20,18.7051,185.44
4,1,20,0,185.279
4,1,20,136.487,184.113
4,1,20,16.1309,185.503
4,1,20,114.754,187.557
4,1,20,47.9033,194.208
4,1,20,16.1318,193.722
4,1,20,143.171,184.356
4,1,20,20.9219,189.486
4,1,20,0,190.875
4,1,20,10.7734,185.342
4,1,20,0.984375,185.895
4,1,20,125.237,240.89
4,1,20,2.66113,205.421
4,1,20,130.885,188.837
4,1,20,0,192.665
4,1,20,0,196.468
4,1,20,20.291,187.626
4,1,20,0,193.89
4,1,20,0,186.414
4,1,20,114.754,186.169
4,1,20,0,191.835
4,1,20,114.754,186.34
4,1,20,158.243,185.397
5,1,20,0.00390625,188.389
5,1,20,0.00292969,190.285
5,1,20,0.00292969,187.587
5,1,20,0.00292969,186.613
5,1,20,0.000976562,188.321
5,1,20,0.00195312,196.551
5,1,20,0.00292969,190.342
5,1,20,0.00390625,200.613
5,1,20,0.00390625,193.729
5,1,20,0.00292969,195.31
5,1,20,0.00292969,192.08
5,1,20,0.00390625,192.65
5,1,20,0.00390625,196.282
5,1,20,0.00292969,205.192
5,1,20,0.00390625,186.587
5,1,20,0.00390625,187.653
5,1,20,0.00195312,190.838
5,1,20,0.00292969,196.168
5,1,20,0.00292969,194.053
5,1,20,0.00195312,218.184
5,1,20,0.00292969,255.599
5,1,20,0.00292969,224.734
5,1,20,0.00292969,196.477
5,1,20,0.00292969,193.013
5,1,20,0.00195312,213.231
5,1,20,0.00292969,242.943
5,1,20,0.00390625,194.28
5,1,20,0.00292969,190.666
5,1,20,0.00292969,193.368
5,1,20,0.00292969,192.452
6,1,20,1491.8,215.219
6,1,20,1606.55,214.412
6,1,20,1606.55,213.203
6,1,20,1385.21,216.995
6,1,20,1650.04,217.423
6,1,20,1763.94,221.591
6,1,20,1393.17,225.469
6,1,20,1491.8,216.669
6,1,20,1377.04,214.458
6,1,20,1737.44,217.772
6,1,20,1492.33,216.895
6,1,20,1610.23,226.861
6,1,20,1636.03,221.866
6,1,20,1378.65,217.517
6,1,20,1606.55,215.855
6,1,20,1491.97,215.341
6,1,20,1606.55,217.946
6,1,20,1523.55,217.611
6,1,20,1606.55,215.507
6,1,20,1622.68,213.786
6,1,20,1377.04,215.847
6,1,20,1608.37,215.75
6,1,20,1517.79,214.334
6,1,20,1606.55,217.478
6,1,20,1491.8,214.276
6,1,20,1437.14,216.583
6,1,20,1491.8,217.362
6,1,20,1721.3,228.961
6,1,20,1606.55,216.091
6,1,20,1836.06,213.538
7,1,20,951.186,218.66
7,1,20,981.688,217.326
7,1,20,895.869,216.079
7,1,20,981.426,218.77
7,1,20,1041.01,230.248
7,1,20,1012.52,220.754
7,1,20,1081.35,218.564
7,1,20,1133.79,219.114
7,1,20,1028.39,217.698
7,1,20,854.65,218.655
7,1,20,951.701,217.046
7,1,20,1019.27,216.871
7,1,20,972.177,219.237
7,1,20,910.12,217.958
7,1,20,972.619,222.254
7,1,20,995.26,223.81
7,1,20,1152.46,227.495
7,1,20,1023.46,269.558
7,1,20,1101.37,228.79
7,1,20,994.069,231.621
7,1,20,1127.58,218.301
7,1,20,1102.16,219.321
7,1,20,973.744,219.188
7,1,20,978.271,221.023
7,1,20,977.564,221.779
7,1,20,969.445,220.794
7,1,20,961.048,218.085
7,1,20,1101.42,218.862
7,1,20,1108.13,216.29
7,1,20,1111.62,216.932
8,1,20,1721.99,216.087
8,1,20,1841.03,218.984
8,1,20,1721.47,215.738
8,1,20,1669.46,217.239
8,1,20,1892.89,215.818
8,1,20,1514.14,217.476
8,1,20,1722.16,214.76
8,1,20,1498.17,215.289
8,1,20,1721.3,215.819
8,1,20,1721.3,216.971
8,1,20,1726.92,230.312
8,1,20,1646.62,222.229
8,1,20,1950.81,214.419
8,1,20,1754.16,215.035
8,1,20,1836.06,214.326
8,1,20,2072.71,217.191
8,1,20,1494.34,217.15
8,1,20,1836.24,215.135
8,1,20,1721.37,216.363
8,1,20,1607.46,216.225
8,1,20,1645.6,214.483
8,1,20,1836.06,229.022
8,1,20,1729.84,213.698
8,1,20,1836.24,214.78
8,1,20,1836.06,214.277
8,1,20,1950.81,213.788
8,1,20,1607.47,215.484
8,1,20,1836.06,214.573
8,1,20,1777.71,218.987
8,1,20,1623.62,214.74
9,1,20,1622.68,215.467
9,1,20,1407.7,216.348
9,1,20,1491.8,235.894
9,1,20,1606.55,218.042
9,1,20,1491.8,216.911
9,1,20,1283.23,217.769
9,1,20,1409.31,217.878
9,1,20,1382.44,218.006
9,1,20,1545.69,217.764
9,1,20,1535.91,217.284
9,1,20,1507.93,215.748
9,1,20,1622.68,219.723
9,1,20,1491.8,246.055
9,1,20,1491.8,218.242
9,1,20,1622.68,217.922
9,1,20,1507.93,216.54
9,1,20,1852.19,216.772
9,1,20,1606.55,216.515
9,1,20,1157.07,218.689
9,1,20,1737.77,216.803
9,1,20,1836.06,215.948
9,1,20,1606.55,216.836
9,1,20,1622.68,215.357
9,1,20,1393.17,220.864
9,1,20,1507.93,245.742
9,1,20,1500.87,218.942
9,1,20,1377.04,217.404
9,1,20,1383.9,218.347
9,1,20,1509.15,219.604
9,1,20,1639.29,218.343
10,1,20,1520.05,221.214
10,1,20,1387.9,219.931
10,1,20,1559.17,220.162
10,1,20,1436.23,220.434
10,1,20,1416.51,219.915
10,1,20,1504,220.047
10,1,20,1414.74,219.339
10,1,20,1558.75,219.647
10,1,20,1428.94,221.992
10,1,20,1529.64,220.487
10,1,20,1598.93,223.157
10,1,20,1627.28,253.391
10,1,20,1504.43,221.82
10,1,20,1509.57,220.11
10,1,20,1481.88,221.232
10,1,20,1537.42,239.368
10,1,20,1575.93,221.919
10,1,20,1634.38,224.058
10,1,20,1541.8,219.719
10,1,20,1578.38,219.084
10,1,20,1562.5,219.602
10,1,20,1580.45,221.102
10,1,20,1525.59,221.495
10,1,20,1408.84,221.006
10,1,20,1562.33,220.5
10,1,20,1466.17,219.348
10,1,20,1371.97,220.06
10,1,20,1322.23,231.392
10,1,20,1482.72,218.77
10,1,20,1661.36,220.161
1,2,20,4.8384e-013,43.0913
1,2,20,6.48508e-013,46.2347
1,2,20,5.23558e-013,46.9045
1,2,20,8.88435e-013,46.7022
1,2,20,4.57991e-013,43.5941
1,2,20,4.22128e-013,46.9416
1,2,20,6.45106e-013,43.3257
1,2,20,3.32945e-013,44.7395
1,2,20,1.47144e-012,43.6977
1,2,20,5.23281e-013,45.7082
1,2,20,3.34803e-013,44.0552
1,2,20,9.61436e-013,49.4613
1,2,20,4.97157e-013,45.8742
1,2,20,5.41023e-013,44.0258
1,2,20,7.87627e-013,44.4944
1,2,20,4.32457e-013,42.8399
1,2,20,5.0855e-013,44.3146
1,2,20,7.25156e-013,46.7172
1,2,20,5.85354e-013,44.3349
1,2,20,4.8342e-013,43.4121
1,2,20,7.84791e-013,45.5889
1,2,20,2.10325e-013,43.1232
1,2,20,5.70452e-013,43.0316
1,2,20,3.86626e-013,46.2688
1,2,20,3.87266e-013,45.7778
1,2,20,8.19107e-013,43.0839
1,2,20,7.66462e-013,43.7342
1,2,20,6.40061e-013,44.2274
1,2,20,6.38219e-013,53.6074
1,2,20,3.49366e-013,50.3634
2,2,20,2.75788e-009,49.6483
2,2,20,4.35899e-009,44.7971
2,2,20,4.20367e-009,46.0232
2,2,20,5.2676e-009,44.6304
2,2,20,3.44711e-009,45.7997
2,2,20,4.95981e-009,44.6752
2,2,20,3.856e-009,44.5859
2,2,20,6.54317e-009,45.7856
2,2,20,4.23306e-009,45.535
2,2,20,7.18267e-009,48.1411
2,2,20,6.35745e-009,44.8812
2,2,20,3.50072e-009,44.6953
2,2,20,3.6169e-009,44.1483
2,2,20,3.40653e-009,46.2595
2,2,20,5.50355e-009,43.1964
2,2,20,4.25616e-009,46.7605
2,2,20,5.48593e-009,47.7955
2,2,20,5.6548e-009,43.3226
2,2,20,4.66173e-009,44.3744
2,2,20,3.83649e-009,46.8567
2,2,20,4.25785e-009,45.1586
2,2,20,6.44413e-009,43.0979
2,2,20,3.91881e-009,51.8953
2,2,20,3.70118e-009,44.7798
2,2,20,4.33852e-009,46.7724
2,2,20,4.4531e-009,44.8393
2,2,20,5.66774e-009,43.4919
2,2,20,3.3927e-009,43.6589
2,2,20,4.0859e-009,46.6127
2,2,20,4.4186e-009,43.4634
3,2,20,2.86203e-013,45.9972
3,2,20,3.57616e-013,43.4694
3,2,20,3.1896e-013,48.4155
3,2,20,4.44493e-013,43.7462
3,2,20,2.99508e-013,46.6976
3,2,20,2.14194e-013,44.8565
3,2,20,5.37225e-013,45.841
3,2,20,3.23014e-013,44.5503
3,2,20,3.08482e-013,43.4189
3,2,20,3.89787e-013,42.7932
3,2,20,3.63976e-013,44.4371
3,2,20,2.21993e-013,44.4886
3,2,20,3.38287e-013,45.6165
3,2,20,2.56035e-013,45.1899
3,2,20,3.64779e-013,43.9744
3,2,20,2.90227e-013,45.8214
3,2,20,2.99129e-013,48.3967
3,2,20,2.46212e-013,43.4236
3,2,20,3.03122e-013,46.4422
3,2,20,2.55009e-013,43.5213
3,2,20,2.99407e-013,45.6938
3,2,20,4.01068e-013,44.7877
3,2,20,2.41838e-013,44.6751
3,2,20,3.34219e-013,46.9432
3,2,20,4.65193e-013,44.7451
3,2,20,2.79545e-013,48.1169
3,2,20,2.54096e-013,44.5534
3,2,20,2.65067e-013,46.8769
3,2,20,4.33565e-013,44.761
3,2,20,2.85184e-013,44.0192
4,2,20,2.60685e-006,50.1703
4,2,20,4.74661e-006,46.7055
4,2,20,4.33781e-006,47.3238
4,2,20,6.10578e-006,45.9277
4,2,20,5.36584e-006,47.9231
4,2,20,5.01394e-006,46.2148
4,2,20,3.70097e-006,47.7079
4,2,20,6.40559e-006,45.1663
4,2,20,6.98287e-006,45.9393
4,2,20,6.43242e-006,47.6046
4,2,20,4.83562e-006,45.3452
4,2,20,4.18487e-006,44.875
4,2,20,5.7238e-006,47.2333
4,2,20,4.5811e-006,45.7395
4,2,20,6.35832e-006,45.0208
4,2,20,4.71501e-006,48.5398
4,2,20,3.77164e-006,46.3577
4,2,20,4.85097e-006,48.6199
4,2,20,4.50823e-006,46.5328
4,2,20,7.18869e-006,45.1134
4,2,20,6.24692e-006,45.3843
4,2,20,6.46471e-006,46.0301
4,2,20,3.97339e-006,48.9817
4,2,20,4.19997e-006,45.6146
4,2,20,6.99294e-006,47.3674
4,2,20,3.67516e-006,51.4022
4,2,20,3.56126e-006,57.6206
4,2,20,6.42632e-006,52.3884
4,2,20,5.66301e-006,49.6039
4,2,20,4.32645e-006,46.7548
5,2,20,5.37699e-005,50.0759
5,2,20,9.2979e-005,48.1985
5,2,20,9.21043e-005,49.4628
5,2,20,6.07963e-005,47.6948
5,2,20,0.00011314,50.6463
5,2,20,8.80751e-005,48.0001
5,2,20,0.000139066,91.7049
5,2,20,0.000104143,50.4873
5,2,20,0.00010039,49.2628
5,2,20,6.67679e-005,51.1261
5,2,20,9.735e-005,47.698
5,2,20,0.000107676,49.879
5,2,20,7.27941e-005,56.4592
5,2,20,0.000104315,55.5504
5,2,20,7.23868e-005,48.9901
5,2,20,7.10782e-005,48.7784
5,2,20,9.37889e-005,48.9367
5,2,20,6.74799e-005,50.1769
5,2,20,0.000138642,48.1191
5,2,20,0.000109912,53.0199
5,2,20,0.000138868,49.9999
5,2,20,0.000101744,50.4339
5,2,20,0.000130455,48.7068
5,2,20,0.000107471,49.3846
5,2,20,0.000109354,47.3975
5,2,20,9.58074e-005,48.7431
5,2,20,0.000104747,52.5195
5,2,20,8.81396e-005,47.8183
5,2,20,8.97159e-005,47.8625
5,2,20,0.000147146,52.1217
6,2,20,5.97313e-005,73.8919
6,2,20,3.05359e-005,75.7723
6,2,20,4.80167e-005,76.8569
6,2,20,6.67835e-005,78.1648
6,2,20,5.54783e-005,76.3362
6,2,20,2.60141e-005,75.2026
6,2,20,5.4793e-005,75.7888
6,2,20,2.91266e-005,74.6597
6,2,20,2.35316e-005,77.3481
6,2,20,2.84356e-005,73.6288
6,2,20,7.23134e-005,76.828
6,2,20,5.66794e-005,76.0071
6,2,20,6.88155e-005,76.4172
6,2,20,3.17074e-005,78.175
6,2,20,3.90592e-005,77.4993
6,2,20,8.02654e-005,77.2009
6,2,20,5.44512e-005,73.2407
6,2,20,3.88698e-005,76.0804
6,2,20,7.60874e-005,76.1816
6,2,20,4.11342e-005,76.2583
6,2,20,4.58245e-005,78.5088
6,2,20,4.51943e-005,75.9246
6,2,20,2.72584e-005,73.8901
6,2,20,4.71438e-005,77.0141
6,2,20,4.28736e-005,75.8562
6,2,20,7.14673e-005,77.7371
6,2,20,2.92219e-005,77.3405
6,2,20,3.13508e-005,75.2185
6,2,20,6.67993e-005,75.568
6,2,20,8.10011e-005,92.3437
7,2,20,33.7491,74.5134
7,2,20,44.6771,82.7604
7,2,20,32.3435,91.9643
7,2,20,35.7747,76.4389
7,2,20,36.514,76.0036
7,2,20,28.7944,78.0541
7,2,20,30.7518,79.4342
7,2,20,43.4944,78.3009
7,2,20,20.5108,79.1849
7,2,20,44.7667,76.1389
7,2,20,35.1721,73.9481
7,2,20,29.4374,77.1595
7,2,20,29.6035,74.5904
7,2,20,32.5675,76.4597
7,2,20,29.8496,74.8966
7,2,20,31.2231,75.1663
7,2,20,32.7602,75.0096
7,2,20,35.8299,76.4761
7,2,20,27.9952,74.7131
7,2,20,27.0685,75.6505
7,2,20,36.3322,74.5698
7,2,20,38.2,77.1936
7,2,20,21.8643,74.514
7,2,20,40.2403,77.4961
7,2,20,45.251,74.3306
7,2,20,41.8246,76.7268
7,2,20,22.3504,75.2853
7,2,20,33.4931,75.682
7,2,20,26.5691,74.0589
7,2,20,41.692,80.6167
8,2,20,5.18269e-006,76.1636
8,2,20,4.57517e-006,79.6279
8,2,20,3.74826e-006,77.0669
8,2,20,3.17516e-006,77.4245
8,2,20,3.96201e-006,75.414
8,2,20,5.96765e-006,77.6246
8,2,20,3.98186e-006,77.4221
8,2,20,2.97645e-006,80.1139
8,2,20,6.20434e-006,74.3354
8,2,20,3.70371e-006,77.6462
8,2,20,6.05916e-006,75.7468
8,2,20,6.72048e-006,78.0146
8,2,20,5.2081e-006,77.8502
8,2,20,8.0227e-006,76.7541
8,2,20,1.35762e-006,75.4412
8,2,20,2.62351e-006,74.8197
8,2,20,4.29993e-006,76.5884
8,2,20,3.77731e-006,75.7357
8,2,20,5.59755e-006,76.4184
8,2,20,5.34097e-006,75.9381
8,2,20,3.64265e-006,76.8775
8,2,20,3.48227e-006,77.4226
8,2,20,2.24087e-006,76.6766
8,2,20,2.56593e-006,77.5705
8,2,20,3.84623e-006,76.3991
8,2,20,3.37993e-006,78.4439
8,2,20,3.82646e-006,75.7106
8,2,20,2.72159e-006,77.0628
8,2,20,5.11741e-006,84.7032
8,2,20,2.3687e-006,88.5295
9,2,20,3671.66,112.599
9,2,20,4666.79,80.701
9,2,20,4614.03,82.9879
9,2,20,4210.05,81.8479
9,2,20,2977.31,77.4618
9,2,20,5219.53,79.7914
9,2,20,3708.76,78.8244
9,2,20,3625.41,78.1811
9,2,20,2890.13,80.0417
9,2,20,3768.74,77.542
9,2,20,3253.19,79.3381
9,2,20,2133.07,78.3681
9,2,20,3539.17,77.0402
9,2,20,4047.51,80.2796
9,2,20,3759.85,82.6823
9,2,20,3755.87,80.8841
9,2,20,4319.13,79.2722
9,2,20,3625.56,79.1141
9,2,20,3014.46,80.5194
9,2,20,3634.27,82.4427
9,2,20,3521.82,81.17
9,2,20,3608.6,81.7268
9,2,20,3910.85,79.1634
9,2,20,4200.28,78.4431
9,2,20,3149.66,83.3544
9,2,20,3578.63,77.2209
9,2,20,3525.64,82.0899
9,2,20,3626.97,79.4812
9,2,20,3287.92,78.724
9,2,20,3321,79.2429
10,2,20,8380.24,82.5149
10,2,20,8250.92,83.0745
10,2,20,7082.33,81.9219
10,2,20,10565.5,82.3643
10,2,20,9088.58,84.7218
10,2,20,6411.69,82.5092
10,2,20,5907.14,83.1964
10,2,20,8412.32,81.2576
10,2,20,10279.6,81.4355
10,2,20,9304.26,81.8354
10,2,20,7381.62,82.276
10,2,20,7769.42,84.4872
10,2,20,6643.9,81.1734
10,2,20,7515.47,82.0488
10,2,20,7826.19,81.7406
10,2,20,7493.65,83.4444
10,2,20,7878.54,80.7248
10,2,20,6948.35,87.5435
10,2,20,7622.54,81.2663
10,2,20,8837.46,81.6829
10,2,20,9376.33,81.7277
10,2,20,7284.36,90.807
10,2,20,9512.38,93.8952
10,2,20,8030.62,83.371
10,2,20,7663.93,83.4217
10,2,20,8397.01,81.5356
10,2,20,9507.81,84.8718
10,2,20,8520.33,81.2878
10,2,20,4556.79,81.328
10,2,20,8573.42,80.7822
1,3,20,13.855,43.6449
1,3,20,13.0951,44.0212
1,3,20,13.3392,44.0535
1,3,20,13.4804,47.4162
1,3,20,13.3711,44.2063
1,3,20,13.2188,47.0971
1,3,20,13.1299,44.139
1,3,20,13.453,46.0914
1,3,20,12.8984,46.1768
1,3,20,12.9167,47.0931
1,3,20,10.3782,44.9612
1,3,20,12.9117,45.8727
1,3,20,12.8829,55.2067
1,3,20,13.1713,45.8746
1,3,20,13.9379,44.8092
1,3,20,13.4505,47.0061
1,3,20,13.184,44.2376
1,3,20,12.441,45.3074
1,3,20,13.3797,47.5702
1,3,20,13.2463,44.7085
1,3,20,13.8269,46.9996
1,3,20,10.9608,43.7735
1,3,20,12.2608,44.2962
1,3,20,11.5826,44.1207
1,3,20,13.21,48.4154
1,3,20,13.4088,44.913
1,3,20,12.9368,43.764
1,3,20,13.6957,43.6847
1,3,20,15.4993,48.2405
1,3,20,12.9896,45.8967
2,3,20,20.0474,47.2059
2,3,20,19.8359,45.3264
2,3,20,27.2479,48.4515
2,3,20,21.7415,43.5598
2,3,20,23.9196,45.8004
2,3,20,19.2378,50.0289
2,3,20,28.1104,44.5723
2,3,20,24.3955,46.9623
2,3,20,21.4441,44.7446
2,3,20,18.3893,46.5856
2,3,20,20.6047,44.3152
2,3,20,26.2448,44.508
2,3,20,19.1206,44.7666
2,3,20,46.6207,44.8047
2,3,20,19.1904,46.5054
2,3,20,22.6396,44.8149
2,3,20,17.88,48.6239
2,3,20,18.6884,45.7463
2,3,20,26.9637,78.4748
2,3,20,19.4503,48.3781
2,3,20,24.745,46.4233
2,3,20,17.8999,46.2654
2,3,20,24.2589,49.1401
2,3,20,22.096,44.486
2,3,20,20.2768,47.2713
2,3,20,20.7291,44.8635
2,3,20,22.2824,46.1047
2,3,20,22.8506,46.104
2,3,20,17.8301,45.7995
2,3,20,19.754,46.1279
3,3,20,14.083,44.942
3,3,20,14.461,49.8289
3,3,20,14.0867,44.8251
3,3,20,14.3636,44.3305
3,3,20,14.4724,49.7339
3,3,20,16.2916,44.8364
3,3,20,14.1165,47.7347
3,3,20,14.1874,44.763
3,3,20,15.3905,46.0056
3,3,20,14.201,45.3817
3,3,20,14.1079,45.8313
3,3,20,13.4407,51.349
3,3,20,14.5592,48.6067
3,3,20,14.249,57.4815
3,3,20,12.8402,48.7011
3,3,20,13.162,50.2057
3,3,20,12.7525,44.7935
3,3,20,14.8097,44.039
3,3,20,14.1986,49.7367
3,3,20,15.4803,44.3816
3,3,20,12.9327,46.9296
3,3,20,14.8678,44.7175
3,3,20,14.4533,45.4284
3,3,20,15.1933,45.4889
3,3,20,14.4783,44.9321
3,3,20,13.1213,44.932
3,3,20,13.4486,49.4211
3,3,20,14.2645,43.9542
3,3,20,13.5391,44.9221
3,3,20,13.8753,44.5116
4,3,20,50.9333,47.1799
4,3,20,32.5505,48.6441
4,3,20,37.0567,46.6658
4,3,20,31.0949,46.107
4,3,20,37.6766,48.9964
4,3,20,37.0123,46.2278
4,3,20,34.9662,48.1826
4,3,20,41.861,46.0973
4,3,20,42.0021,46.4693
4,3,20,38.6873,47.7633
4,3,20,59.3396,47.0545
4,3,20,24.7928,49.7785
4,3,20,38.7239,46.8013
4,3,20,36.7756,47.7491
4,3,20,25.1207,46.2151
4,3,20,55.9043,45.8772
4,3,20,25.3195,47.6226
4,3,20,31.4788,47.8899
4,3,20,29.6689,45.6729
4,3,20,29.0338,48.351
4,3,20,27.4247,45.3425
4,3,20,27.9753,46.2946
4,3,20,35.1583,49.3955
4,3,20,34.4941,46.3567
4,3,20,35.5611,47.6143
4,3,20,28.677,46.5078
4,3,20,29.4076,46.8618
4,3,20,46.7452,49.2653
4,3,20,45.5425,46.1631
4,3,20,33.44,47.9767
5,3,20,80.1051,49.473
5,3,20,66.3878,52.3122
5,3,20,56.8317,48.3871
5,3,20,59.1022,50.1245
5,3,20,50.3052,50.6424
5,3,20,89.2601,50.0505
5,3,20,101.114,48.9618
5,3,20,93.3372,52.4723
5,3,20,70.4838,47.42
5,3,20,88.3699,50.4115
5,3,20,94.2098,49.2732
5,3,20,73.4327,49.8749
5,3,20,67.8869,49.4643
5,3,20,76.6936,49.1036
5,3,20,70.5693,50.3086
5,3,20,71.7316,47.9214
5,3,20,48.6947,52.3496
5,3,20,78.643,49.0626
5,3,20,47.9858,51.936
5,3,20,53.9718,47.9319
5,3,20,48.0438,51.4456
5,3,20,48.8866,47.995
5,3,20,67.273,53.4495
5,3,20,72.0633,48.1774
5,3,20,115.955,51.0485
5,3,20,37.5098,49.4452
5,3,20,73.2789,51.7044
5,3,20,56.1695,49.0018
5,3,20,90.7874,53.344
5,3,20,42.691,49.7529
6,3,20,42.006,76.2245
6,3,20,54.7406,79.6209
6,3,20,53.2305,80.2591
6,3,20,50.2265,95.543
6,3,20,381.453,82.7353
6,3,20,53.952,78.5044
6,3,20,128.541,79.5475
6,3,20,470.725,80.9868
6,3,20,106.656,80.2746
6,3,20,27.3701,77.0549
6,3,20,120.762,74.85
6,3,20,167.586,79.5635
6,3,20,21.5383,77.7531
6,3,20,101.506,76.057
6,3,20,81.7452,77.2114
6,3,20,58.9848,74.8086
6,3,20,203.699,75.7318
6,3,20,22.106,77.0732
6,3,20,43.1986,77.6337
6,3,20,42.2145,79.3495
6,3,20,88.3727,75.2675
6,3,20,102.324,79.9682
6,3,20,24.7868,75.1341
6,3,20,214.869,77.7682
6,3,20,119.779,77.6089
6,3,20,202.307,75.8062
6,3,20,28.0359,76.0581
6,3,20,51.5025,77.661
6,3,20,308.836,75.1114
6,3,20,23.8492,79.4171
7,3,20,451919,78.3349
7,3,20,324386,77.6363
7,3,20,421156,78.097
7,3,20,212908,74.9153
7,3,20,529514,78.6058
7,3,20,258973,95.4968
7,3,20,451944,85.499
7,3,20,476054,79.3479
7,3,20,378022,77.5949
7,3,20,265100,88.8311
7,3,20,478928,79.0323
7,3,20,352603,79.9588
7,3,20,423066,77.7982
7,3,20,287476,77.3375
7,3,20,272553,80.666
7,3,20,526978,78.3025
7,3,20,670297,77.5882
7,3,20,318879,77.5318
7,3,20,305684,78.3114
7,3,20,466419,78.5704
7,3,20,351865,78.6601
7,3,20,446046,76.7846
7,3,20,407961,80.5909
7,3,20,547482,78.1043
7,3,20,325046,76.597
7,3,20,378840,79.4183
7,3,20,210214,78.5438
7,3,20,353281,78.9308
7,3,20,489517,89.6495
7,3,20,218188,89.2379
8,3,20,20.7132,80.3584
8,3,20,23.3363,77.5932
8,3,20,213.191,80.4779
8,3,20,21.6809,76.0076
8,3,20,25.1884,79.9105
8,3,20,22.7051,75.9207
8,3,20,32.5131,79.7118
8,3,20,24.8791,80.0167
8,3,20,34.5785,77.8489
8,3,20,22.2981,75.9084
8,3,20,122.631,77.278
8,3,20,87.1729,76.3202
8,3,20,21.4542,77.4288
8,3,20,20.42,80.1874
8,3,20,29.0121,77.7193
8,3,20,21.6958,77.2403
8,3,20,40.4285,77.8121
8,3,20,30.5788,78.673
8,3,20,226.125,78.141
8,3,20,237.437,78.8111
8,3,20,18.7025,76.8325
8,3,20,17.4466,78.3305
8,3,20,26.7473,76.2153
8,3,20,22.2149,78.9698
8,3,20,66.8912,76.7893
8,3,20,20.1408,78.7572
8,3,20,266.753,78.1966
8,3,20,261.724,80.9533
8,3,20,21.0296,78.2134
8,3,20,22.0233,77.8398
9,3,20,2.55392e+008,80.7716
9,3,20,3.56811e+008,81.7298
9,3,20,1.78185e+008,80.3902
9,3,20,3.30848e+008,81.6161
9,3,20,3.9592e+008,79.9751
9,3,20,2.37338e+008,79.0757
9,3,20,3.54859e+008,83.9297
9,3,20,4.15179e+008,80.4782
9,3,20,2.69214e+008,78.4786
9,3,20,4.92926e+008,82.2485
9,3,20,4.71439e+008,78.916
9,3,20,3.31846e+008,81.0858
9,3,20,4.1957e+008,80.0178
9,3,20,3.54323e+008,81.6979
9,3,20,5.04038e+008,81.6754
9,3,20,4.9533e+008,80.0332
9,3,20,3.72673e+008,82.1021
9,3,20,3.62365e+008,83.382
9,3,20,2.17514e+008,80.5716
9,3,20,4.45049e+008,81.0335
9,3,20,2.7051e+008,80.8984
9,3,20,3.91386e+008,79.3665
9,3,20,4.14625e+008,83.4083
9,3,20,3.58659e+008,90.2866
9,3,20,2.73938e+008,86.3446
9,3,20,3.17945e+008,81.5495
9,3,20,2.03725e+008,82.6766
9,3,20,1.48174e+008,82.1765
9,3,20,5.93198e+008,80.2095
9,3,20,3.4067e+008,82.3188
10,3,20,7.49477e+008,85.3794
10,3,20,1.33134e+009,86.44
10,3,20,5.99893e+008,83.7919
10,3,20,1.48698e+009,131.471
10,3,20,1.38677e+009,84.5278
10,3,20,1.26595e+009,84.984
10,3,20,1.0534e+009,82.2716
10,3,20,1.70418e+009,84.5711
10,3,20,8.45609e+008,82.9543
10,3,20,1.5003e+009,86.274
10,3,20,8.94862e+008,82.6209
10,3,20,1.11272e+009,82.3187
10,3,20,9.3725e+008,84.3768
10,3,20,9.56535e+008,85.0387
10,3,20,1.44926e+009,82.6007
10,3,20,9.83667e+008,84.6098
10,3,20,1.0378e+009,85.4429
10,3,20,1.63327e+009,84.1951
10,3,20,1.08434e+009,85.2339
10,3,20,1.33517e+009,84.0219
10,3,20,1.43865e+009,86.4647
10,3,20,1.72082e+009,85.3866
10,3,20,1.3934e+009,83.8102
10,3,20,1.02742e+009,84.3665
10,3,20,1.43065e+009,83.4395
10,3,20,1.05639e+009,83.4762
10,3,20,9.55058e+008,85.3874
10,3,20,7.39381e+008,82.0891
10,3,20,9.26135e+008,82.4844
10,3,20,1.27123e+009,84.2772
1,4,20,-40000,178.464
1,4,20,-40000,178.996
1,4,20,-40000,178.557
1,4,20,-40000,178.846
1,4,20,-40000,179.374
1,4,20,-40000,177.58
1,4,20,-40000,177.388
1,4,20,-40000,220.356
1,4,20,-40000,177.991
1,4,20,-40000,176.51
1,4,20,-40000,176.969
1,4,20,-40000,177.911
1,4,20,-40000,179.097
1,4,20,-40000,177.731
1,4,20,-40000,178.98
1,4,20,-40000,188.307
1,4,20,-40000,188.589
1,4,20,-40000,186.422
1,4,20,-40000,181.48
1,4,20,-40000,186.781
1,4,20,-40000,186.9
1,4,20,-40000,186.239
1,4,20,-40000,186.439
1,4,20,-40000,191.876
1,4,20,-40000,193.673
1,4,20,-40000,183.411
1,4,20,-40000,182.511
1,4,20,-40000,181.893
1,4,20,-40000,179.255
1,4,20,-40000,180.202
2,4,20,-40000,231.674
2,4,20,-40000,201.476
2,4,20,-40000,202.589
2,4,20,-40000,181.028
2,4,20,-40000,183.24
2,4,20,-40000,250.181
2,4,20,-40000,207.487
2,4,20,-40000,184.738
2,4,20,-40000,184.92
2,4,20,-40000,196.562
2,4,20,-40000,184.917
2,4,20,-40000,197.468
2,4,20,-40000,197.777
2,4,20,-40000,190.842
2,4,20,-40000,181.239
2,4,20,-40000,181.067
2,4,20,-40000,188.96
2,4,20,-40000,187.869
2,4,20,-40000,184.558
2,4,20,-40000,188.645
2,4,20,-40000,181.676
2,4,20,-40000,178.801
2,4,20,-40000,183.45
2,4,20,-40000,181.549
2,4,20,-40000,181.769
2,4,20,-40000,181.559
2,4,20,-40000,181.388
2,4,20,-40000,197.308
2,4,20,-40000,179.969
2,4,20,-40000,178.677
3,4,20,-37993.6,208.788
3,4,20,-38728.5,181.142
3,4,20,-38076.6,180.747
3,4,20,-38503.3,182.287
3,4,20,-38087.2,178.347
3,4,20,-38757,195.46
3,4,20,-38113.5,179.847
3,4,20,-38331,196.364
3,4,20,-38877.3,227.01
3,4,20,-38478.7,180.815
3,4,20,-38455.7,180.085
3,4,20,-38679.6,180.02
3,4,20,-37965.6,179.961
3,4,20,-38041.5,180.173
3,4,20,-39122,180.116
3,4,20,-38483.6,181.252
3,4,20,-38287.1,195.627
3,4,20,-37807.4,183.906
3,4,20,-37815.8,181.4
3,4,20,-38208,181.326
3,4,20,-38079,180.629
3,4,20,-37523.4,179.961
3,4,20,-38814,198.995
3,4,20,-38512.9,181.493
3,4,20,-39174.9,181.804
3,4,20,-38011.1,182.572
3,4,20,-38528.2,184.761
3,4,20,-38428.1,179.866
3,4,20,-38375.1,180.302
3,4,20,-38620.6,181.102
4,4,20,-39983.4,183.167
4,4,20,-39988.8,181.669
4,4,20,-39981.9,183.003
4,4,20,-39982.8,183.332
4,4,20,-39988.2,181.737
4,4,20,-39989,181.277
4,4,20,-39991,183.606
4,4,20,-39983.5,179.833
4,4,20,-39988.1,185.774
4,4,20,-39983.7,182.602
4,4,20,-39984.4,182.202
4,4,20,-39988.6,180.089
4,4,20,-39986.2,182.321
4,4,20,-39986,181.045
4,4,20,-39978.7,182.126
4,4,20,-39991.4,181.401
4,4,20,-39979.5,181.75
4,4,20,-39991.6,236.102
4,4,20,-39980.5,199.332
4,4,20,-39984.2,180.778
4,4,20,-39990.4,183.281
4,4,20,-39985,180.875
4,4,20,-39987.5,179.285
4,4,20,-39980.9,181.846
4,4,20,-39983.9,183.444
4,4,20,-39988.9,183.628
4,4,20,-39981.4,181.276
4,4,20,-39989.3,182.936
4,4,20,-39979.4,181.928
4,4,20,-39986,182.796
5,4,20,-39439.4,184.4
5,4,20,-39608.5,184.565
5,4,20,-39754,185.049
5,4,20,-39513.5,182.952
5,4,20,-39745,184.719
5,4,20,-39666.2,191.493
5,4,20,-39715.9,182.593
5,4,20,-39548.1,183.911
5,4,20,-39608.5,182.835
5,4,20,-39685.5,185.067
5,4,20,-39724.5,184.893
5,4,20,-39652.9,183.681
5,4,20,-39674.3,183.567
5,4,20,-39507,206.402
5,4,20,-39605.8,184.24
5,4,20,-39547.9,183.164
5,4,20,-39625.9,182.654
5,4,20,-39679.7,185.565
5,4,20,-39572.4,183.521
5,4,20,-39609.6,183.158
5,4,20,-39830.9,183.166
5,4,20,-39631.9,184.148
5,4,20,-39714.9,183.402
5,4,20,-39500.4,183.737
5,4,20,-39656.3,183.394
5,4,20,-39627.2,184.472
5,4,20,-39610.9,186.239
5,4,20,-39726.7,197.009
5,4,20,-39623.8,214.058
5,4,20,-39574.2,193.001
6,4,20,-26232.7,212.123
6,4,20,-21279.2,210.354
6,4,20,-25901.2,209.078
6,4,20,-24997.1,208.518
6,4,20,-28892.3,245.819
6,4,20,-25800.2,214.463
6,4,20,-23978.4,223.813
6,4,20,-23436.8,238.809
6,4,20,-26753,223.19
6,4,20,-24922.5,214.865
6,4,20,-25134.6,220.048
6,4,20,-30093,216.721
6,4,20,-25119.2,214.809
6,4,20,-26837.4,209.752
6,4,20,-26982.7,208.284
6,4,20,-26857.4,214.3
6,4,20,-26012.8,208.727
6,4,20,-24838.6,209.213
6,4,20,-26989.7,209.372
6,4,20,-26078.9,208.87
6,4,20,-24945.5,208.474
6,4,20,-26420.8,209.42
6,4,20,-23789.2,208.805
6,4,20,-29075.3,209.238
6,4,20,-27364.3,208.985
6,4,20,-28903.4,207.93
6,4,20,-26420.3,209.196
6,4,20,-27046.3,207.724
6,4,20,-26488.6,209.141
6,4,20,-26736.1,228.543
7,4,20,-14108.6,210.051
7,4,20,-15281.1,210.513
7,4,20,-12039.1,208.94
7,4,20,-19164.5,218.758
7,4,20,-11039.1,209.806
7,4,20,-14017.2,211.933
7,4,20,-12625.1,208.636
7,4,20,-12912.2,210.624
7,4,20,-12225.3,211.535
7,4,20,-12236.8,208.54
7,4,20,-13972.7,255.074
7,4,20,-13324.2,210.669
7,4,20,-12260.3,208.577
7,4,20,-12444,215.543
7,4,20,-10395.5,210.574
7,4,20,-11452.1,218.825
7,4,20,-12325.7,216.296
7,4,20,-13088.1,211.124
7,4,20,-14488.6,210.369
7,4,20,-13119.1,233.203
7,4,20,-15186,210.156
7,4,20,-14593.8,232.951
7,4,20,-13183.9,212.608
7,4,20,-14680.6,209.257
7,4,20,-10528.2,209.783
7,4,20,-14612.9,209.157
7,4,20,-12888,210.919
7,4,20,-12920.9,210.638
7,4,20,-13971,209.488
7,4,20,-12304,211.703
8,4,20,-23623.3,209.684
8,4,20,-21369.3,210.445
8,4,20,-22762.5,210.653
8,4,20,-22536.5,209.835
8,4,20,-26180.6,211.581
8,4,20,-20672.7,209.017
8,4,20,-20728.8,210.553
8,4,20,-22402.9,209.678
8,4,20,-21204.2,210.743
8,4,20,-21622.2,209.078
8,4,20,-23437.5,209.951
8,4,20,-21951,209.606
8,4,20,-19061.9,211.139
8,4,20,-20053.8,221.296
8,4,20,-21814.5,221.435
8,4,20,-19397.3,209.195
8,4,20,-23065.8,209.533
8,4,20,-19640.2,212.233
8,4,20,-19233.7,210.49
8,4,20,-23143.7,210.729
8,4,20,-19878.7,254.428
8,4,20,-21230.6,213.476
8,4,20,-23408.4,212.43
8,4,20,-21051.3,209.05
8,4,20,-21431.5,210.712
8,4,20,-21859.3,209.212
8,4,20,-20074.4,208.637
8,4,20,-24220.5,209.269
8,4,20,-22533.7,209.345
8,4,20,-20767.9,211.341
9,4,20,66704.9,212.875
9,4,20,62427.4,212.505
9,4,20,42573.1,213.415
9,4,20,73355.1,218.054
9,4,20,46155.2,213.796
9,4,20,65103.5,215.527
9,4,20,59162.2,228.451
9,4,20,45665.9,216.474
9,4,20,63788.8,210.687
9,4,20,43603.4,210.791
9,4,20,54866.7,228.792
9,4,20,55873,210.435
9,4,20,70917.5,214.623
9,4,20,72934,210.733
9,4,20,46560.7,212.28
9,4,20,43847.4,213.433
9,4,20,61703.3,211.697
9,4,20,51341.8,211.358
9,4,20,58507.4,214.178
9,4,20,65268.4,214.154
9,4,20,57375.4,212.47
9,4,20,67663.3,213.241
9,4,20,57363.9,210.693
9,4,20,40903.1,212.95
9,4,20,75983.2,211.601
9,4,20,72169,212.834
9,4,20,89925.6,211.303
9,4,20,48105.2,210.91
9,4,20,74564.5,236.605
9,4,20,68199.4,214.199
10,4,20,149278,214.771
10,4,20,163962,214.189
10,4,20,130745,213.791
10,4,20,123173,215.762
10,4,20,182883,264.59
10,4,20,143368,215.718
10,4,20,157447,215.195
10,4,20,121234,217.423
10,4,20,141837,213.775
10,4,20,142774,216.001
10,4,20,135166,216.454
10,4,20,139421,214.914
10,4,20,94063.5,216.32
10,4,20,119676,213.81
10,4,20,152804,215.099
10,4,20,135542,214.751
10,4,20,163276,216.277
10,4,20,151063,214.3
10,4,20,154167,215.56
10,4,20,115053,221.246
10,4,20,133952,226.904
10,4,20,105072,217.744
10,4,20,155961,213.262
10,4,20,132344,217.202
10,4,20,130419,214.794
10,4,20,180151,214.273
10,4,20,116701,214.416
10,4,20,140248,215.307
10,4,20,99159.7,215.687
10,4,20,150850,214.852
1,5,20,0,197.024
1,5,20,0,209.789
1,5,20,0,193.988
1,5,20,0,197.741
1,5,20,0,194.97
1,5,20,0,198.951
1,5,20,0,194.972
1,5,20,0,195.49
1,5,20,0,194.779
1,5,20,0,194.81
1,5,20,0,196.096
1,5,20,0,196.652
1,5,20,0,203.281
1,5,20,0,204.517
1,5,20,0,194.221
1,5,20,0,201.26
1,5,20,0,195.139
1,5,20,0,196.983
1,5,20,0,195.157
1,5,20,0,197.002
1,5,20,0,196.801
1,5,20,0,213.351
1,5,20,0,197.154
1,5,20,0,196.524
1,5,20,0,196.114
1,5,20,0,196.136
1,5,20,0,194.466
1,5,20,0,195.972
1,5,20,0,195.467
1,5,20,0,195.662
2,5,20,0.000841022,196.551
2,5,20,0.000154555,195.787
2,5,20,0.000336707,197.925
2,5,20,9.25064e-005,195.174
2,5,20,0.000621617,196.496
2,5,20,1.13845e-005,195.679
2,5,20,0.00101328,209.768
2,5,20,0.00052613,202.042
2,5,20,0.000354588,195.614
2,5,20,7.11679e-005,196.207
2,5,20,0.000411332,196.814
2,5,20,0.000185728,196.131
2,5,20,0.000284195,196.222
2,5,20,6.00815e-005,197.018
2,5,20,0.000408351,197.218
2,5,20,0.000264883,198.119
2,5,20,0.00101161,197.322
2,5,20,0.000133455,195.303
2,5,20,8.69632e-005,197.128
2,5,20,0.000199854,196.12
2,5,20,0.00109643,197.421
2,5,20,0.000341594,197.412
2,5,20,3.11732e-005,195.261
2,5,20,0.000510931,195.757
2,5,20,0.000131488,195.573
2,5,20,0.000119746,200.232
2,5,20,0.000474393,219.039
2,5,20,0.000236094,198.412
2,5,20,0.00015986,198.014
2,5,20,0.000145555,198.34
3,5,20,0.00200397,210.563
3,5,20,0.000320375,197.548
3,5,20,0.00868845,197.473
3,5,20,1.91927e-005,197.91
3,5,20,0.00732028,195.437
3,5,20,0.000798523,194.546
3,5,20,0.000179529,222.33
3,5,20,0.00155878,197.379
3,5,20,0.000232339,196.286
3,5,20,0.000504196,196.174
3,5,20,0.000792861,194.894
3,5,20,0.00037843,196.859
3,5,20,1.11461e-005,195.785
3,5,20,0.00048238,197.364
3,5,20,0.000157893,195.378
3,5,20,0.000329614,195.046
3,5,20,0.000351667,196.366
3,5,20,0.000100374,197.269
3,5,20,0.00479871,195.913
3,5,20,3.57628e-005,195.348
3,5,20,0.000271261,198.669
3,5,20,2.64645e-005,197.024
3,5,20,0.00294238,197.055
3,5,20,5.03063e-005,198.367
3,5,20,0.00019592,217.774
3,5,20,0.00188333,197.945
3,5,20,0.000302315,196.238
3,5,20,6.64592e-005,193.72
3,5,20,2.41995e-005,196.047
3,5,20,0.00214875,195.95
4,5,20,0.0115155,200.251
4,5,20,0.0146195,200.362
4,5,20,0.0163544,200.286
4,5,20,0.0177059,197.806
4,5,20,0.00936073,197.778
4,5,20,0.0147623,199.373
4,5,20,0.019569,198.771
4,5,20,0.022678,202.056
4,5,20,0.00939542,199.176
4,5,20,0.01872,197.89
4,5,20,0.0147945,202.656
4,5,20,0.0169002,197.667
4,5,20,0.00660354,197.176
4,5,20,0.00693011,198.145
4,5,20,0.0151132,199.157
4,5,20,0.00515789,201.102
4,5,20,0.0130611,197.209
4,5,20,0.0126635,196.925
4,5,20,0.0362007,214.479
4,5,20,0.0128297,198.811
4,5,20,0.0237868,232.989
4,5,20,0.0165055,199.312
4,5,20,0.0135697,221.648
4,5,20,0.0360844,198.815
4,5,20,0.0131083,200.351
4,5,20,0.0120558,197.739
4,5,20,0.0323973,199.242
4,5,20,0.00873506,196.697
4,5,20,0.0139875,200.772
4,5,20,0.012942,198.888
5,5,20,0.0481395,201.131
5,5,20,0.0229694,200.584
5,5,20,0.0337374,201.325
5,5,20,0.0187204,199.212
5,5,20,0.0464025,199.072
5,5,20,0.011544,199.782
5,5,20,0.0439489,202.542
5,5,20,0.0430496,202.528
5,5,20,0.0291438,200.211
5,5,20,0.0292537,201.291
5,5,20,0.0237289,215.721
5,5,20,0.0248635,221.372
5,5,20,0.0135033,200.336
5,5,20,0.0245188,201.117
5,5,20,0.0201542,199.395
5,5,20,0.0198618,200.012
5,5,20,0.0225863,203.235
5,5,20,0.0238543,201.486
5,5,20,0.0181752,200.921
5,5,20,0.027813,200.133
5,5,20,0.0363598,200.269
5,5,20,0.0258803,202.242
5,5,20,0.0242044,202.027
5,5,20,0.0157102,199.306
5,5,20,0.0291561,199.115
5,5,20,0.0223686,201.376
5,5,20,0.0116893,199.976
5,5,20,0.0199178,201.697
5,5,20,0.0222855,202.357
5,5,20,0.0197825,200.974
6,5,20,0.227272,230.213
6,5,20,0.313191,231.428
6,5,20,0.265464,229.892
6,5,20,0.261134,291.72
6,5,20,0.165061,245.561
6,5,20,0.367637,228.725
6,5,20,0.381382,229.46
6,5,20,0.279626,230.403
6,5,20,0.207209,230.434
6,5,20,0.144236,229.643
6,5,20,0.0301878,228.915
6,5,20,0.378974,228.422
6,5,20,0.293887,228.817
6,5,20,0.25024,230.314
6,5,20,0.362721,238.154
6,5,20,0.338664,227.685
6,5,20,0.0364503,228.864
6,5,20,0.221728,230.983
6,5,20,0.338971,229.042
6,5,20,0.22923,230.542
6,5,20,0.178166,230.741
6,5,20,0.122293,230.075
6,5,20,0.180772,228.064
6,5,20,0.0945179,227.657
6,5,20,0.257988,244.937
6,5,20,0.187554,230.632
6,5,20,0.341723,228.416
6,5,20,0.376704,229.772
6,5,20,0.36154,229.268
6,5,20,0.176901,228.385
7,5,20,1.22235,228.157
7,5,20,1.21796,228.093
7,5,20,1.20387,226.8
7,5,20,1.10905,229.756
7,5,20,1.22071,227.903
7,5,20,1.21613,226.8
7,5,20,1.22095,227.545
7,5,20,1.22526,226.449
7,5,20,1.22603,226.684
7,5,20,1.1952,225.821
7,5,20,1.23941,227.977
7,5,20,1.27024,227.751
7,5,20,1.17849,227.492
7,5,20,1.2105,273.827
7,5,20,1.15535,227.89
7,5,20,1.15429,248.692
7,5,20,1.16252,228.534
7,5,20,1.14708,229.251
7,5,20,1.21142,227.272
7,5,20,1.18191,226.399
7,5,20,1.19929,227.901
7,5,20,1.15031,225.747
7,5,20,1.16194,226.506
7,5,20,1.13224,227.569
7,5,20,1.21377,227.834
7,5,20,1.1789,226.337
7,5,20,1.21021,226.651
7,5,20,1.14623,228.949
7,5,20,1.16926,227.44
7,5,20,1.25471,230.265
8,5,20,0.276476,232.645
8,5,20,0.204307,229.199
8,5,20,0.39392,254.023
8,5,20,0.311252,232.579
8,5,20,0.221794,229.622
8,5,20,0.332544,237.519
8,5,20,0.22096,239.938
8,5,20,0.33906,230.162
8,5,20,0.2582,230.512
8,5,20,0.38726,230.911
8,5,20,0.237531,228.978
8,5,20,0.367021,229.357
8,5,20,0.201776,230.363
8,5,20,0.370003,229.881
8,5,20,0.29942,229.06
8,5,20,0.347695,230.742
8,5,20,0.434915,229.64
8,5,20,0.33003,229.262
8,5,20,0.454126,229.983
8,5,20,0.366475,232.249
8,5,20,0.199882,230.785
8,5,20,0.299635,229.951
8,5,20,0.347814,230.179
8,5,20,0.400958,231.046
8,5,20,0.338428,279.323
8,5,20,0.363659,232.991
8,5,20,0.22542,247.083
8,5,20,0.341742,230.534
8,5,20,0.381706,229.922
8,5,20,0.390646,229.098
9,5,20,24.8881,229.45
9,5,20,27.4095,230.242
9,5,20,18.1875,229.333
9,5,20,16.5931,228.746
9,5,20,20.2193,230.305
9,5,20,25.1447,229.249
9,5,20,24.7184,229.73
9,5,20,20.7797,232.44
9,5,20,25.4413,229.477
9,5,20,25.6376,231.598
9,5,20,22.9894,230.566
9,5,20,26.094,228.55
9,5,20,20.7812,228.485
9,5,20,24.7424,229.408
9,5,20,20.647,230.071
9,5,20,22.6826,231.272
9,5,20,31.2914,235.437
9,5,20,23.0181,243.258
9,5,20,25.2082,230.689
9,5,20,22.3155,239.444
9,5,20,22.2132,256.512
9,5,20,15.6169,240.901
9,5,20,25.7795,244.709
9,5,20,24.6701,250.257
9,5,20,22.5412,247.399
9,5,20,22.8122,241.669
9,5,20,20.5254,238.619
9,5,20,24.9237,234.976
9,5,20,27.5384,266.878
9,5,20,22.1573,247.587
10,5,20,30.944,233.298
10,5,20,43.8304,239.064
10,5,20,29.3729,252.175
10,5,20,44.38,246.058
10,5,20,49.2519,237.282
10,5,20,49.7603,255.261
10,5,20,51.0033,254.288
10,5,20,49.7385,233.29
10,5,20,41.8039,233.418
10,5,20,49.0311,234.579
10,5,20,62.6821,233.978
10,5,20,41.8206,232.844
10,5,20,46.5531,234.339
10,5,20,45.3493,232.225
10,5,20,58.2192,231.446
10,5,20,50.6764,232.123
10,5,20,44.4805,234.892
10,5,20,37.7318,233.441
10,5,20,31.9283,233.625
10,5,20,36.82,231.982
10,5,20,57.8664,234.899
10,5,20,60.6162,235.625
10,5,20,53.2043,236.429
10,5,20,43.6569,233.7
10,5,20,58.4052,232.86
10,5,20,67.1577,276.118
10,5,20,56.8579,255.529
10,5,20,58.916,233.878
10,5,20,48.6634,235.133
10,5,20,49.5992,231.316
1,6,20,-27.8983,180.859
1,6,20,-28.0038,181.304
1,6,20,-27.8423,180.291
1,6,20,-28.0053,179.864
1,6,20,-27.9732,180.978
1,6,20,-27.8568,179.999
1,6,20,-27.9079,180.304
1,6,20,-27.8641,180.033
1,6,20,-27.8625,183.271
1,6,20,-28.0535,202.122
1,6,20,-27.9861,180.322
1,6,20,-27.8524,180.899
1,6,20,-27.8714,180.637
1,6,20,-27.7974,179.838
1,6,20,-27.8796,182.33
1,6,20,-27.865,182.369
1,6,20,-27.8352,181.089
1,6,20,-28.0715,180.868
1,6,20,-27.9667,184.495
1,6,20,-27.8742,185.837
1,6,20,-27.9252,184.706
1,6,20,-27.8976,198.635
1,6,20,-27.9146,180.46
1,6,20,-27.9157,180.624
1,6,20,-27.9153,179.513
1,6,20,-27.833,180.834
1,6,20,-27.9395,181.092
1,6,20,-27.8396,179.164
1,6,20,-27.9592,182.152
1,6,20,-27.791,180.83
2,6,20,-27.63,182.436
2,6,20,-27.9186,182.568
2,6,20,-27.8619,180.15
2,6,20,-27.7655,181.113
2,6,20,-27.754,199.106
2,6,20,-27.7863,189.716
2,6,20,-27.8195,181.954
2,6,20,-27.884,180.07
2,6,20,-27.9998,181.542
2,6,20,-27.7865,181.357
2,6,20,-27.7006,180.814
2,6,20,-27.8408,183.17
2,6,20,-27.8108,179.958
2,6,20,-27.9564,181.443
2,6,20,-27.7308,182.417
2,6,20,-27.7439,179.988
2,6,20,-27.8049,186.794
2,6,20,-27.8712,193.15
2,6,20,-27.7801,182.056
2,6,20,-27.8079,181.767
2,6,20,-27.7674,179.849
2,6,20,-27.8138,181.017
2,6,20,-27.8034,183.205
2,6,20,-27.6989,182.422
2,6,20,-27.9167,180.025
2,6,20,-27.7197,181.693
2,6,20,-27.6883,182.078
2,6,20,-27.7302,181.394
2,6,20,-27.793,182.673
2,6,20,-27.8403,181.212
3,6,20,-27.9193,180.247
3,6,20,-27.9144,181.441
3,6,20,-27.8397,182.791
3,6,20,-27.8307,181.217
3,6,20,-27.83,179.733
3,6,20,-27.8651,181.167
3,6,20,-27.9813,178.815
3,6,20,-27.9245,182.048
3,6,20,-27.9148,181.911
3,6,20,-27.7982,182.278
3,6,20,-28.1244,201.668
3,6,20,-28.0477,180.997
3,6,20,-27.8142,193.09
3,6,20,-27.8848,188.131
3,6,20,-28.0412,180.179
3,6,20,-27.9549,180.395
3,6,20,-27.9344,182.14
3,6,20,-27.978,181.884
3,6,20,-27.9972,205.049
3,6,20,-27.8821,184.105
3,6,20,-27.8577,180.253
3,6,20,-27.9146,181.11
3,6,20,-27.9202,181.442
3,6,20,-27.9609,180.106
3,6,20,-27.8859,183.389
3,6,20,-27.9026,182.092
3,6,20,-27.8237,180.808
3,6,20,-27.9571,181.586
3,6,20,-27.8685,180.733
3,6,20,-27.8822,180.817
4,6,20,-27.6586,183.393
4,6,20,-27.4589,181.992
4,6,20,-27.6371,183.082
4,6,20,-27.4631,182.327
4,6,20,-27.6888,183.147
4,6,20,-27.7734,183.481
4,6,20,-27.5238,184.346
4,6,20,-27.5934,184.434
4,6,20,-27.5319,200.248
4,6,20,-27.5286,182.679
4,6,20,-27.6833,195.399
4,6,20,-27.7544,183.7
4,6,20,-27.8251,183.35
4,6,20,-27.6118,182.838
4,6,20,-27.5702,182.542
4,6,20,-27.7059,182.514
4,6,20,-27.6298,183.571
4,6,20,-27.5888,185.333
4,6,20,-27.715,183.967
4,6,20,-27.6442,183.029
4,6,20,-27.6374,182.703
4,6,20,-27.6335,182.31
4,6,20,-27.7581,182.063
4,6,20,-27.6236,184.533
4,6,20,-27.4914,182.481
4,6,20,-27.5366,182.884
4,6,20,-27.7493,184.904
4,6,20,-27.6974,184.062
4,6,20,-27.6378,183.333
4,6,20,-27.5149,183.532
5,6,20,-27.5912,185.443
5,6,20,-27.5476,184.489
5,6,20,-27.5588,219.453
5,6,20,-27.3546,202.152
5,6,20,-27.4862,186.943
5,6,20,-27.6148,185.189
5,6,20,-27.5935,185.703
5,6,20,-27.5199,185.879
5,6,20,-27.5765,186.172
5,6,20,-27.5308,186.247
5,6,20,-27.4876,195.504
5,6,20,-27.6555,185.345
5,6,20,-27.4512,184.529
5,6,20,-27.3997,183.361
5,6,20,-27.659,188.424
5,6,20,-27.4668,185.25
5,6,20,-27.6494,184.323
5,6,20,-27.6498,185.917
5,6,20,-27.4218,187.645
5,6,20,-27.3579,186.237
5,6,20,-27.6768,187.57
5,6,20,-27.4108,185.421
5,6,20,-27.6783,185.412
5,6,20,-27.5917,184.871
5,6,20,-27.4358,186.205
5,6,20,-27.4444,186.494
5,6,20,-27.7854,186.612
5,6,20,-27.5108,187.682
5,6,20,-27.5847,205.068
5,6,20,-27.6347,188.095
6,6,20,-23.0251,210.821
6,6,20,-22.4814,212.946
6,6,20,-23.0437,209.7
6,6,20,-22.6111,210.654
6,6,20,-22.3284,211.553
6,6,20,-21.8863,211.634
6,6,20,-22.3068,212.307
6,6,20,-22.2952,212.757
6,6,20,-21.8514,210.746
6,6,20,-22.6684,211.306
6,6,20,-23.1087,208.535
6,6,20,-23.0481,212.148
6,6,20,-22.2169,210.984
6,6,20,-23.0473,210.623
6,6,20,-22.5407,236.535
6,6,20,-22.9119,211.937
6,6,20,-22.1855,211.331
6,6,20,-22.4675,213.093
6,6,20,-22.0518,210.428
6,6,20,-22.2906,210.654
6,6,20,-22.8831,216.518
6,6,20,-22.6843,225.066
6,6,20,-22.9913,212.244
6,6,20,-22.3403,212.4
6,6,20,-22.3873,210.036
6,6,20,-22.6218,212.246
6,6,20,-23.2659,228.041
6,6,20,-22.4703,211.995
6,6,20,-22.7051,213.95
6,6,20,-22.4358,210.547
7,6,20,-22.3952,214.533
7,6,20,-21.3515,213.076
7,6,20,-21.6436,214.084
7,6,20,-21.8435,212.753
7,6,20,-21.7927,236.663
7,6,20,-21.0425,215.151
7,6,20,-21.3881,212.944
7,6,20,-21.3422,213.363
7,6,20,-21.4457,214.667
7,6,20,-21.7574,212.104
7,6,20,-21.5462,212.936
7,6,20,-21.2638,212.316
7,6,20,-21.1824,214.696
7,6,20,-21.4405,228.156
7,6,20,-20.9463,211.026
7,6,20,-20.8718,214.312
7,6,20,-21.1749,212.755
7,6,20,-21.4037,217.587
7,6,20,-21.7605,211.434
7,6,20,-22.9069,211.464
7,6,20,-21.7703,214.237
7,6,20,-21.9613,213.109
7,6,20,-21.1055,213.626
7,6,20,-21.2182,211.504
7,6,20,-21.294,211.965
7,6,20,-21.6809,258.06
7,6,20,-21.3792,213.601
7,6,20,-21.6439,212.601
7,6,20,-21.006,212.23
7,6,20,-21.1329,214.038
8,6,20,-22.8653,211.399
8,6,20,-22.9668,211.232
8,6,20,-22.421,212.423
8,6,20,-22.1866,210.628
8,6,20,-22.8645,216.503
8,6,20,-23.0158,223.923
8,6,20,-22.6418,212.126
8,6,20,-22.7088,210.937
8,6,20,-22.505,212.363
8,6,20,-22.4721,211.334
8,6,20,-22.3847,210.889
8,6,20,-22.42,211.291
8,6,20,-22.8015,213.806
8,6,20,-22.275,212.375
8,6,20,-23.0255,211.351
8,6,20,-22.5262,209.653
8,6,20,-22.7841,214.012
8,6,20,-22.4194,214.738
8,6,20,-23.1085,219.991
8,6,20,-22.5685,213.751
8,6,20,-22.5158,211.828
8,6,20,-22.6421,212.858
8,6,20,-22.6688,213.202
8,6,20,-21.9691,212.319
8,6,20,-22.9522,211.12
8,6,20,-22.9055,211.05
8,6,20,-22.5137,223.655
8,6,20,-22.6119,228.436
8,6,20,-23.1339,216.455
8,6,20,-22.8842,218.596
9,6,20,-21.5597,227.751
9,6,20,-20.3075,228.093
9,6,20,-19.7749,224.125
9,6,20,-20.3455,272.451
9,6,20,-19.7203,220.521
9,6,20,-20.3512,219.884
9,6,20,-20.3005,222.181
9,6,20,-20.1698,223.332
9,6,20,-19.5712,219.101
9,6,20,-19.8751,219.117
9,6,20,-19.9271,220.328
9,6,20,-19.6627,222.649
9,6,20,-20.1331,219.656
9,6,20,-20.961,219.607
9,6,20,-19.8967,223.458
9,6,20,-19.3387,217.842
9,6,20,-19.4288,221.246
9,6,20,-19.926,220.365
9,6,20,-19.5142,242.408
9,6,20,-19.701,215.566
9,6,20,-20.5789,215.7
9,6,20,-19.3084,222.13
9,6,20,-19.5756,218.756
9,6,20,-20.9347,217
9,6,20,-19.7099,219.699
9,6,20,-19.7012,215.174
9,6,20,-19.3812,217.35
9,6,20,-19.5984,215.938
9,6,20,-19.7651,217.422
9,6,20,-20.3549,256.007
10,6,20,-19.2415,220.898
10,6,20,-19.9397,218.877
10,6,20,-20.009,218.917
10,6,20,-19.3506,218.8
10,6,20,-19.4985,219.035
10,6,20,-19.267,220.3
10,6,20,-19.9635,219.224
10,6,20,-19.8635,219.908
10,6,20,-19.5061,219.234
10,6,20,-19.989,231.639
10,6,20,-19.0789,226.159
10,6,20,-19.8204,218.231
10,6,20,-19.1669,220.563
10,6,20,-19.8147,219.738
10,6,20,-19.4579,220.515
10,6,20,-19.1827,228.057
10,6,20,-19.3652,220.002
10,6,20,-19.2185,219.222
10,6,20,-19.2812,223.149
10,6,20,-19.1981,219.826
10,6,20,-20.6587,217.744
10,6,20,-19.9225,220.333
10,6,20,-19.3064,220.697
10,6,20,-19.1271,219.751
10,6,20,-19.0096,217.367
10,6,20,-19.4366,221.495
10,6,20,-20.5361,219.595
10,6,20,-19.2923,217.711
10,6,20,-20.3637,221.581
10,6,20,-18.9189,225.991
1,7,20,20.8668,740.576
1,7,20,20.5783,676.73
1,7,20,21.3386,672.392
1,7,20,21.272,674.314
1,7,20,20.1504,708.358
1,7,20,20.7435,674.208
1,7,20,20.6168,673.284
1,7,20,20.7217,689.044
1,7,20,20.2147,676.036
1,7,20,20.5765,674.703
1,7,20,21.1297,674.799
1,7,20,20.7384,671.874
1,7,20,20.8403,689.77
1,7,20,20.7687,768.329
1,7,20,21.1901,690.437
1,7,20,20.4802,677.627
1,7,20,21.0806,728.691
1,7,20,20.74,678.737
1,7,20,20.7363,673.323
1,7,20,21.6403,676.813
1,7,20,21.0079,670.518
1,7,20,21.0877,700.076
1,7,20,20.5998,772.575
1,7,20,20.6991,671.841
1,7,20,20.7635,679.071
1,7,20,20.7622,669.69
1,7,20,21.0858,672.167
1,7,20,20.7571,671.095
1,7,20,20.5238,693.82
1,7,20,20.8512,682.14
2,7,20,20.7086,670.47
2,7,20,21.3204,670.639
2,7,20,20.3557,674.494
2,7,20,21.061,678.371
2,7,20,20.6388,672.088
2,7,20,20.124,671.139
2,7,20,20.9399,690.77
2,7,20,20.7521,686.662
2,7,20,20.6283,670.045
2,7,20,21.2269,673.344
2,7,20,20.733,699.869
2,7,20,20.7658,672.582
2,7,20,20.9044,672.382
2,7,20,20.8777,688.532
2,7,20,21.5567,672.31
2,7,20,21.4679,693.845
2,7,20,20.516,670.74
2,7,20,21.3255,670.598
2,7,20,21.3267,673.997
2,7,20,21.7597,670.996
2,7,20,20.1811,687.784
2,7,20,21.1732,670.163
2,7,20,21.0277,671.019
2,7,20,20.9149,672.012
2,7,20,20.8746,672.957
2,7,20,20.6011,669.536
2,7,20,20.9245,671.95
2,7,20,20.9131,692.731
2,7,20,20.4257,761.093
2,7,20,20.8027,678.439
3,7,20,20.4618,674.661
3,7,20,20.1726,683.604
3,7,20,20.1365,674.195
3,7,20,20.5493,675.904
3,7,20,20.439,673.76
3,7,20,21.1483,693.665
3,7,20,20.728,676.138
3,7,20,19.9484,674.398
3,7,20,20.4281,675.542
3,7,20,20.5692,687.878
3,7,20,20.1985,674.129
3,7,20,20.5536,674.475
3,7,20,20.3608,692.754
3,7,20,20.5159,678.766
3,7,20,20.0404,703.582
3,7,20,20.7281,674.239
3,7,20,19.6695,674.958
3,7,20,19.9469,674.682
3,7,20,20.5975,694.306
3,7,20,20.6521,693.28
3,7,20,20.5644,673.355
3,7,20,20.1647,672.614
3,7,20,20.3484,674.583
3,7,20,20.3005,674.024
3,7,20,20.8132,674.183
3,7,20,20.3609,674.067
3,7,20,20.056,724.636
3,7,20,20.2182,679.122
3,7,20,20.4461,677.113
3,7,20,19.7549,674.558
4,7,20,22.7802,667.788
4,7,20,22.5486,667.183
4,7,20,21.9091,693.439
4,7,20,22.4243,668.306
4,7,20,22.2849,690.199
4,7,20,22.4871,678.344
4,7,20,21.2799,759.668
4,7,20,22.2753,726.735
4,7,20,21.9447,704.191
4,7,20,20.9513,666.086
4,7,20,21.9202,667.638
4,7,20,21.0265,696.982
4,7,20,21.5145,668.343
4,7,20,21.7157,671.759
4,7,20,21.4267,678.835
4,7,20,21.7424,668.029
4,7,20,21.4624,674.29
4,7,20,22.6927,666.905
4,7,20,22.1275,683.611
4,7,20,22.1676,667.743
4,7,20,22.1611,707.927
4,7,20,22.5059,667.119
4,7,20,21.5294,692.738
4,7,20,21.2712,667.335
4,7,20,22.1243,665.674
4,7,20,21.4911,688.191
4,7,20,22.4899,668.905
4,7,20,22.7594,667.544
4,7,20,22.4652,675.584
4,7,20,22.1267,668.741
5,7,20,21.1351,664.45
5,7,20,21.838,693.645
5,7,20,21.8978,688.195
5,7,20,22.5595,668.89
5,7,20,21.1351,670.055
5,7,20,22.3137,672.014
5,7,20,21.2065,665.013
5,7,20,22.7789,667.684
5,7,20,22.0346,668.779
5,7,20,22.4023,714.241
5,7,20,22.4579,687.696
5,7,20,21.6402,668.036
5,7,20,21.8867,670.431
5,7,20,22.5702,667.788
5,7,20,21.348,666.879
5,7,20,22.1566,669.338
5,7,20,21.0233,666.645
5,7,20,21.0931,684.457
5,7,20,22.0833,668.497
5,7,20,21.4279,672.071
5,7,20,22.0008,668.052
5,7,20,22.5177,668.809
5,7,20,22.4539,668.286
5,7,20,21.2374,667.028
5,7,20,22.0801,689.402
5,7,20,21.2838,669.205
5,7,20,21.1253,689.453
5,7,20,21.021,668.647
5,7,20,23.15,711.406
5,7,20,21.5188,667.858
6,7,20,62.9675,707.39
6,7,20,53.0948,732.048
6,7,20,63.1329,709.505
6,7,20,55.5826,718.972
6,7,20,57.9913,718.714
6,7,20,59.6458,706.437
6,7,20,58.3052,747.96
6,7,20,66.6913,712.464
6,7,20,52.342,745.626
6,7,20,50.1125,735.105
6,7,20,53.7677,709.292
6,7,20,59.4286,725.452
6,7,20,58.8428,720.659
6,7,20,57.2241,735.377
6,7,20,67.4582,708.272
6,7,20,52.2971,727.175
6,7,20,61.9431,757.972
6,7,20,63.2431,754.442
6,7,20,47.4048,708.212
6,7,20,55.8191,715.312
6,7,20,64.0293,710.092
6,7,20,65.4749,709.405
6,7,20,52.0656,727.538
6,7,20,60.9052,707.549
6,7,20,64.6239,717.973
6,7,20,51.1299,708.098
6,7,20,64.3223,708.531
6,7,20,50.7464,716.189
6,7,20,62.0569,751.157
6,7,20,48.8936,730.619
7,7,20,77.3612,711.25
7,7,20,62.6592,707.652
7,7,20,77.7748,705.768
7,7,20,64.4969,709.268
7,7,20,71.537,752.465
7,7,20,78.5184,719.709
7,7,20,63.2378,714.363
7,7,20,73.7162,704.233
7,7,20,65.6622,705.35
7,7,20,50.2153,711.84
7,7,20,70.9477,706.928
7,7,20,70.52,705.861
7,7,20,71.2705,723.588
7,7,20,72.2998,712.992
7,7,20,62.0632,728.114
7,7,20,68.5411,705.19
7,7,20,72.4243,707.718
7,7,20,51.2656,706.074
7,7,20,73.1036,706.73
7,7,20,75.7311,722.713
7,7,20,68.9315,711.35
7,7,20,72.3993,704.864
7,7,20,82.5329,732.339
7,7,20,61.7616,708.481
7,7,20,67.8314,710.914
7,7,20,61.8093,709.743
7,7,20,69.0296,728.29
7,7,20,67.5133,708.48
7,7,20,67.947,708.829
7,7,20,54.8724,709.76
8,7,20,52.0067,730.332
8,7,20,54.9553,715.296
8,7,20,46.8279,713.235
8,7,20,50.2222,736.861
8,7,20,44.9658,715.494
8,7,20,59.245,713.212
8,7,20,49.8556,715.671
8,7,20,53.6626,713.219
8,7,20,56.8189,718.705
8,7,20,51.3729,711.458
8,7,20,53.3552,790.47
8,7,20,51.3346,716.167
8,7,20,49.7362,716.456
8,7,20,49.0302,713.103
8,7,20,57.2737,710.28
8,7,20,55.9075,713.328
8,7,20,46.433,735.451
8,7,20,47.8635,736.433
8,7,20,54.1526,716.78
8,7,20,48.1306,714.531
8,7,20,48.0472,713.574
8,7,20,56.1305,711.3
8,7,20,52.3531,713.549
8,7,20,48.9764,722.744
8,7,20,50.2475,723.121
8,7,20,57.7987,715.425
8,7,20,45.9328,716.083
8,7,20,53.93,709.415
8,7,20,53.8399,765.414
8,7,20,53.297,715.152
9,7,20,81.242,757.543
9,7,20,83.0542,728.637
9,7,20,90.8878,724.766
9,7,20,78.4753,710.988
9,7,20,77.178,724.182
9,7,20,68.111,704.014
9,7,20,88.8239,703.061
9,7,20,90.6753,725.559
9,7,20,91.6555,702.272
9,7,20,88.6513,702.267
9,7,20,77.399,701.05
9,7,20,80.8186,699.705
9,7,20,92.7265,702.677
9,7,20,80.1996,701.093
9,7,20,87.2347,716.9
9,7,20,80.8323,703.388
9,7,20,76.0217,747.154
9,7,20,79.1608,704.394
9,7,20,87.4511,725.913
9,7,20,92.7783,703.625
9,7,20,86.0743,699.674
9,7,20,83.0763,723.69
9,7,20,86.9797,708.429
9,7,20,81.8161,703.318
9,7,20,87.2185,703.982
9,7,20,89.4401,704.608
9,7,20,91.4234,703.33
9,7,20,87.5402,703.571
9,7,20,88.7276,720.229
9,7,20,79.6477,703.116
10,7,20,69.9488,702.308
10,7,20,84.0057,704.595
10,7,20,85.3986,700.357
10,7,20,79.7208,733.491
10,7,20,89.8648,701.665
10,7,20,89.7654,743.774
10,7,20,69.5038,703.012
10,7,20,86.2889,709.286
10,7,20,74.7075,702.26
10,7,20,77.5126,700.11
10,7,20,83.0984,701.463
10,7,20,72.7037,699.047
10,7,20,91.9375,720.985
10,7,20,92.9573,719.988
10,7,20,87.2687,705.212
10,7,20,79.0025,704.42
10,7,20,80.5393,711.635
10,7,20,95.8969,709.429
10,7,20,88.1682,705.246
10,7,20,78.4396,718.507
10,7,20,97.1381,702.385
10,7,20,66.9583,765.376
10,7,20,86.922,701.765
10,7,20,82.1013,703.055
10,7,20,87.5124,701.298
10,7,20,75.2061,702.135
10,7,20,84.9064,720.745
10,7,20,92.1778,705.692
10,7,20,91.2933,703.655
10,7,20,84.633,701.552
1,8,20,-57.1515,301.113
1,8,20,-57.1515,304.256
1,8,20,-57.1515,299.876
1,8,20,-57.1515,301.869
1,8,20,-57.1515,303.005
1,8,20,-57.1515,299.743
1,8,20,-57.1515,303.382
1,8,20,-57.1515,314.236
1,8,20,-57.1515,300.688
1,8,20,-57.1515,302.053
1,8,20,-57.1515,299.801
1,8,20,-57.1515,351.851
1,8,20,-57.1515,301.001
1,8,20,-57.1515,305.279
1,8,20,-57.1515,301.072
1,8,20,-57.1515,300.259
1,8,20,-57.1515,310.886
1,8,20,-57.1515,299.688
1,8,20,-57.1515,300.492
1,8,20,-57.1515,301.061
1,8,20,-57.1515,301.052
1,8,20,-57.1515,300.784
1,8,20,-57.1515,315.721
1,8,20,-57.1515,302.075
1,8,20,-57.1515,307.632
1,8,20,-57.1515,300.841
1,8,20,-57.1515,299.808
1,8,20,-57.1515,299.945
1,8,20,-57.1515,303.743
1,8,20,-57.1515,300.902
2,8,20,-57.1515,331.009
2,8,20,-57.1515,323.936
2,8,20,-57.1515,332.685
2,8,20,-57.1515,299.878
2,8,20,-57.1515,303.867
2,8,20,-57.1515,301.129
2,8,20,-57.1515,301.536
2,8,20,-57.1515,302.887
2,8,20,-57.1515,318.685
2,8,20,-57.1515,302.375
2,8,20,-57.1515,301.248
2,8,20,-57.1515,302.052
2,8,20,-57.1515,303.302
2,8,20,-57.1515,301.083
2,8,20,-57.1515,300.047
2,8,20,-57.1515,302.194
2,8,20,-57.1515,301.689
2,8,20,-57.1515,301.39
2,8,20,-57.1515,301.635
2,8,20,-57.1515,300.265
2,8,20,-57.1515,300.892
2,8,20,-57.1515,299.737
2,8,20,-57.1515,309.258
2,8,20,-57.1515,349.882
2,8,20,-57.1515,317.566
2,8,20,-57.1515,300.16
2,8,20,-57.1515,303.752
2,8,20,-57.1515,302.01
2,8,20,-57.1515,302.401
2,8,20,-57.1515,302.366
3,8,20,-57.1514,299.717
3,8,20,-57.1513,299.199
3,8,20,-57.1514,300.394
3,8,20,-57.1514,301.583
3,8,20,-57.1512,302.319
3,8,20,-57.151,299.962
3,8,20,-57.1514,300.619
3,8,20,-57.1514,299.531
3,8,20,-57.1507,299.274
3,8,20,-57.1512,303.67
3,8,20,-57.1512,312.972
3,8,20,-57.1513,299.834
3,8,20,-57.1514,301.243
3,8,20,-57.1514,302.32
3,8,20,-57.1513,321.235
3,8,20,-57.1514,299.84
3,8,20,-57.1514,301.144
3,8,20,-57.1513,300.298
3,8,20,-57.1514,300.096
3,8,20,-57.1514,301.475
3,8,20,-57.1513,306.361
3,8,20,-57.1513,301.617
3,8,20,-57.1515,299.077
3,8,20,-57.1513,300.447
3,8,20,-57.1514,302.484
3,8,20,-57.1506,305.288
3,8,20,-57.1515,308.969
3,8,20,-57.1511,300.769
3,8,20,-57.1514,302.005
3,8,20,-57.1514,317.335
4,8,20,-57.1513,299.877
4,8,20,-57.1512,301.11
4,8,20,-57.1513,302.147
4,8,20,-57.1513,300.925
4,8,20,-57.1513,302.417
4,8,20,-57.1513,300.571
4,8,20,-57.1512,347.808
4,8,20,-57.1512,299.849
4,8,20,-57.1513,299.861
4,8,20,-57.1514,301.927
4,8,20,-57.1512,300.611
4,8,20,-57.1512,321.716
4,8,20,-57.1513,302.546
4,8,20,-57.1514,301.288
4,8,20,-57.1514,303.017
4,8,20,-57.1513,302.016
4,8,20,-57.1513,300.869
4,8,20,-57.1511,302.042
4,8,20,-57.1512,302.887
4,8,20,-57.1512,301.848
4,8,20,-57.1514,301.146
4,8,20,-57.151,300.928
4,8,20,-57.1513,300.717
4,8,20,-57.1514,301.175
4,8,20,-57.1514,303.302
4,8,20,-57.1512,304.329
4,8,20,-57.1513,350.041
4,8,20,-57.1512,320.356
4,8,20,-57.1513,302.395
4,8,20,-57.1513,302.406
5,8,20,-57.1465,304.07
5,8,20,-57.148,302.809
5,8,20,-57.1467,303.211
5,8,20,-57.146,302.14
5,8,20,-57.1463,301.409
5,8,20,-57.1479,324.849
5,8,20,-57.1463,301.568
5,8,20,-57.1494,302.461
5,8,20,-57.147,304.215
5,8,20,-57.1488,302.353
5,8,20,-57.1487,303.74
5,8,20,-57.1488,300.526
5,8,20,-57.1472,302.659
5,8,20,-57.1482,321.843
5,8,20,-57.1481,302.586
5,8,20,-57.1479,302.986
5,8,20,-57.1464,301.869
5,8,20,-57.1444,343.756
5,8,20,-57.1465,301.689
5,8,20,-57.1473,301.923
5,8,20,-57.1467,301.226
5,8,20,-57.148,303.347
5,8,20,-57.1478,302.185
5,8,20,-57.148,300.935
5,8,20,-57.1468,302.958
5,8,20,-57.1473,302.029
5,8,20,-57.148,302.556
5,8,20,-57.1488,302.731
5,8,20,-57.1472,310.485
5,8,20,-57.1461,312.149
6,8,20,-48.1943,327.581
6,8,20,-46.4919,326.121
6,8,20,-46.5854,330.315
6,8,20,-51.4258,325.872
6,8,20,-53.0905,325.78
6,8,20,-44.8015,326.442
6,8,20,-50.1638,326.772
6,8,20,-51.8974,325.755
6,8,20,-45.1719,377.233
6,8,20,-46.7544,328.522
6,8,20,-50.7288,325.066
6,8,20,-44.3726,347.59
6,8,20,-43.1999,327.581
6,8,20,-47.9315,344.251
6,8,20,-39.9356,327.905
6,8,20,-47.9323,327.393
6,8,20,-43.8826,327.267
6,8,20,-39.6002,325.703
6,8,20,-43.1815,328.126
6,8,20,-50.0904,327.275
6,8,20,-43.6931,326.808
6,8,20,-41.8404,327.171
6,8,20,-47.8333,327.096
6,8,20,-49.2218,328.255
6,8,20,-45.2288,328.532
6,8,20,-42.0975,324.871
6,8,20,-47.1216,327.215
6,8,20,-44.9585,327.94
6,8,20,-45.4782,380.583
6,8,20,-45.8499,326.193
7,8,20,-16.2725,327.138
7,8,20,-5.18485,327.467
7,8,20,-0.0334451,327.998
7,8,20,-9.30348,328.478
7,8,20,0.495806,325.554
7,8,20,-0.570958,326.526
7,8,20,-1.18954,326.612
7,8,20,-0.510046,326.951
7,8,20,-2.15948,326.338
7,8,20,1.2918,328.202
7,8,20,-6.93395,327.309
7,8,20,0.0807333,327.018
7,8,20,-8.94971,345.933
7,8,20,-9.20368,332.511
7,8,20,-3.84628,325.858
7,8,20,1.56222,326.992
7,8,20,-3.11185,327.535
7,8,20,-3.92964,328.612
7,8,20,-6.56787,370.987
7,8,20,1.4939,328.141
7,8,20,-14.0701,342.684
7,8,20,3.59873,327.131
7,8,20,0.234226,328.129
7,8,20,3.73491,342.09
7,8,20,-0.650574,330.025
7,8,20,-3.3224,327.806
7,8,20,-1.87328,329.299
7,8,20,-1.127,346.119
7,8,20,-11.0217,327.824
7,8,20,-4.29918,326.467
8,8,20,-38.4357,327.131
8,8,20,-21.646,344.908
8,8,20,-28.9068,357.613
8,8,20,-30.583,379.279
8,8,20,-32.784,347.695
8,8,20,-27.2925,339.96
8,8,20,-29.4551,327.251
8,8,20,-29.3428,330.392
8,8,20,-30.3948,361.908
8,8,20,-30.6658,326.9
8,8,20,-36.2917,326.407
8,8,20,-28.667,344.631
8,8,20,-31.858,330.072
8,8,20,-27.7524,328.223
8,8,20,-32.9933,326.892
8,8,20,-27.7462,325.446
8,8,20,-30.8987,327.484
8,8,20,-27.3373,325.884
8,8,20,-34.248,327.641
8,8,20,-28.8275,326.132
8,8,20,-32.1382,325.008
8,8,20,-33.4948,327.065
8,8,20,-33.6953,326.427
8,8,20,-25.7316,326.551
8,8,20,-27.5365,326.042
8,8,20,-32.7098,327.49
8,8,20,-27.7866,362.476
8,8,20,-31.5886,389.286
8,8,20,-25.6587,337.325
8,8,20,-32.5705,332.962
9,8,20,78.2373,343.31
9,8,20,69.3025,330.897
9,8,20,64.4824,332.679
9,8,20,81.1808,331.262
9,8,20,73.7302,330.35
9,8,20,69.948,332.377
9,8,20,78.7917,332.256
9,8,20,77.4661,330.505
9,8,20,67.1812,329.55
9,8,20,73.1649,330.89
9,8,20,64.3401,352.743
9,8,20,60.5288,332.557
9,8,20,53.7051,331.077
9,8,20,81.1815,330.414
9,8,20,54.3407,332.422
9,8,20,44.9104,329.648
9,8,20,80.2599,330.359
9,8,20,60.0508,361.248
9,8,20,50.4195,331.501
9,8,20,81.456,336.993
9,8,20,75.4722,331.376
9,8,20,64.107,331.265
9,8,20,77.9273,331.967
9,8,20,68.9776,337.654
9,8,20,82.563,348.73
9,8,20,70.7391,333.415
9,8,20,64.7058,330.663
9,8,20,73.0572,331.337
9,8,20,80.1022,332.05
9,8,20,72.4994,330.305
10,8,20,76.3466,355.441
10,8,20,109.993,336.379
10,8,20,116.181,341.79
10,8,20,107.284,334.45
10,8,20,101.436,337.655
10,8,20,101.723,335.069
10,8,20,119.632,333.647
10,8,20,85.5065,366.793
10,8,20,106.306,339.256
10,8,20,94.1405,349.383
10,8,20,104.419,334.977
10,8,20,102.099,335.474
10,8,20,115.629,342.885
10,8,20,104.981,379.406
10,8,20,119.951,368.719
10,8,20,128.893,346.485
10,8,20,93.8451,333.515
10,8,20,109.395,335.688
10,8,20,109.735,335.596
10,8,20,57.2284,333.834
10,8,20,94.03,332.669
10,8,20,101.21,333.073
10,8,20,105.311,335.942
10,8,20,93.9811,353.576
10,8,20,98.4538,335.33
10,8,20,96.499,335.466
10,8,20,97.8519,334.866
10,8,20,107.088,367.252
10,8,20,107.832,334.634
10,8,20,120.9,335.217
1,9,20,-1.81198e-005,659.517
1,9,20,-1.81198e-005,767.194
1,9,20,-1.81198e-005,607.556
1,9,20,-1.81198e-005,623.92
1,9,20,-1.81198e-005,605.421
1,9,20,-1.81198e-005,728.014
1,9,20,-1.81198e-005,653.778
1,9,20,-1.81198e-005,605.014
1,9,20,-1.81198e-005,605.663
1,9,20,-1.81198e-005,606.518
1,9,20,-1.81198e-005,769.297
1,9,20,-1.81198e-005,672.814
1,9,20,-1.81198e-005,607.169
1,9,20,-1.81198e-005,606.692
1,9,20,-1.81198e-005,607.791
1,9,20,-1.81198e-005,724.861
1,9,20,-1.81198e-005,652.643
1,9,20,-1.81198e-005,606.869
1,9,20,-1.81198e-005,654.576
1,9,20,-1.81198e-005,636.682
1,9,20,-1.81198e-005,708.069
1,9,20,-1.81198e-005,605.813
1,9,20,-1.81198e-005,605.889
1,9,20,-1.81198e-005,604.435
1,9,20,-1.81198e-005,607.1
1,9,20,-1.81198e-005,655.456
1,9,20,-1.81198e-005,671.771
1,9,20,-1.81198e-005,604.305
1,9,20,-1.81198e-005,606.662
1,9,20,-1.81198e-005,608.128
2,9,20,0.000164986,609.168
2,9,20,0.000130653,682.638
2,9,20,0.000161171,701.164
2,9,20,0.0001688,609.128
2,9,20,0.000178337,624.524
2,9,20,0.000126839,661.79
2,9,20,0.000144005,755.712
2,9,20,0.000138283,658.443
2,9,20,0.000113487,607.035
2,9,20,0.000117302,609.553
2,9,20,0.000128746,608.057
2,9,20,6.00815e-005,778.27
2,9,20,0.000136375,652.11
2,9,20,0.000132561,607.357
2,9,20,0.000170708,610.037
2,9,20,0.000159264,610.469
2,9,20,0.000144005,729.214
2,9,20,0.00011158,683.668
2,9,20,0.000138283,608.306
2,9,20,0.00011158,625.22
2,9,20,0.00014782,611.592
2,9,20,0.00014019,716.96
2,9,20,0.000132561,705.002
2,9,20,0.00014782,608.954
2,9,20,0.000113487,629.812
2,9,20,0.000123024,607.372
2,9,20,9.63211e-005,772.734
2,9,20,0.000105858,660.187
2,9,20,0.000130653,612.815
2,9,20,0.000136375,607.928
3,9,20,-1.81198e-005,606.502
3,9,20,-1.81198e-005,744.174
3,9,20,-1.81198e-005,678.043
3,9,20,-1.81198e-005,608.235
3,9,20,-1.81198e-005,622.644
3,9,20,-1.81198e-005,609.18
3,9,20,-1.81198e-005,678.777
3,9,20,-1.81198e-005,629.42
3,9,20,-1.81198e-005,606.854
3,9,20,-1.81198e-005,672.318
3,9,20,-1.81198e-005,608.34
3,9,20,-1.81198e-005,687.438
3,9,20,-1.81198e-005,726.983
3,9,20,-1.81198e-005,608.945
3,9,20,-1.81198e-005,604.372
3,9,20,-1.81198e-005,606.919
3,9,20,-1.81198e-005,737.582
3,9,20,-1.81198e-005,645.13
3,9,20,-1.81198e-005,605.678
3,9,20,-1.81198e-005,624.468
3,9,20,-1.81198e-005,611.699
3,9,20,-1.81198e-005,706.245
3,9,20,-1.81198e-005,690.182
3,9,20,-1.81198e-005,606.293
3,9,20,-1.81198e-005,606.642
3,9,20,-1.81198e-005,610.403
3,9,20,-1.81198e-005,692.978
3,9,20,-1.81198e-005,668.365
3,9,20,-1.81198e-005,609.312
3,9,20,-1.81198e-005,607.491
4,9,20,0.010097,620.785
4,9,20,0.00972629,705.155
4,9,20,0.00823045,669.902
4,9,20,0.0116291,611.984
4,9,20,0.00955772,621.33
4,9,20,0.0119205,623.303
4,9,20,0.0104134,761.068
4,9,20,0.0126288,637.57
4,9,20,0.00960088,610.165
4,9,20,0.0121293,610.705
4,9,20,0.0110791,613.873
4,9,20,0.00864673,819.841
4,9,20,0.0111167,659.883
4,9,20,0.0107527,653.261
4,9,20,0.0101166,612.469
4,9,20,0.0120173,610.95
4,9,20,0.0108383,717.697
4,9,20,0.00853729,637.162
4,9,20,0.00914621,614.046
4,9,20,0.0129759,616.342
4,9,20,0.0113392,620.935
4,9,20,0.0098052,725.989
4,9,20,0.00964856,673.77
4,9,20,0.00858259,609.784
4,9,20,0.00937223,611.349
4,9,20,0.0101359,610.922
4,9,20,0.0098877,730.844
4,9,20,0.00994635,675.2
4,9,20,0.0090487,609.475
4,9,20,0.0100415,612.038
5,9,20,0.0444763,665.871
5,9,20,0.0480947,762.315
5,9,20,0.0433257,652.261
5,9,20,0.0573604,614.388
5,9,20,0.0464838,649.256
5,9,20,0.0549657,628.634
5,9,20,0.0581226,718.482
5,9,20,0.0409241,617.008
5,9,20,0.0558527,614.982
5,9,20,0.0558214,618.98
5,9,20,0.0542114,614.002
5,9,20,0.0476501,733.153
5,9,20,0.0448463,753.098
5,9,20,0.0518906,647.969
5,9,20,0.0501986,618.693
5,9,20,0.045583,676.981
5,9,20,0.0625927,848.508
5,9,20,0.0523798,680.341
5,9,20,0.068748,636.547
5,9,20,0.0524046,646.093
5,9,20,0.0503495,622.089
5,9,20,0.0517027,835.17
5,9,20,0.043885,691.975
5,9,20,0.0374238,618.104
5,9,20,0.0501823,617.715
5,9,20,0.0537603,614.928
5,9,20,0.0508204,807.616
5,9,20,0.0534959,655.42
5,9,20,0.0499461,615.286
5,9,20,0.0647435,615.665
6,9,20,0.0253253,696.97
6,9,20,0.0239773,823.838
6,9,20,0.0357039,701.871
6,9,20,0.0259736,652.033
6,9,20,0.0241916,655.339
6,9,20,0.0226994,647.048
6,9,20,0.0323644,839.975
6,9,20,0.0346026,674.822
6,9,20,0.0546966,656.385
6,9,20,0.0474875,644.707
6,9,20,0.0421042,702.855
6,9,20,0.0217633,783.624
6,9,20,0.0270894,645.359
6,9,20,0.0199993,643.45
6,9,20,0.0576293,648.927
6,9,20,0.0430338,797.918
6,9,20,0.020056,723.5
6,9,20,0.016001,643.067
6,9,20,0.0352437,664.016
6,9,20,0.0340524,646.766
6,9,20,0.0441408,754.051
6,9,20,0.0296099,645.637
6,9,20,0.0270042,644.171
6,9,20,0.0244815,642.838
6,9,20,0.0251887,645.081
6,9,20,0.0326684,871.721
6,9,20,0.0212054,652.965
6,9,20,0.0540967,644.017
6,9,20,0.0324728,645.527
6,9,20,0.0444975,725.947
7,9,20,70.8444,718.289
7,9,20,61.2649,655.465
7,9,20,79.8713,685.602
7,9,20,71.4319,642.663
7,9,20,60.6191,790.588
7,9,20,56.226,677.878
7,9,20,66.6434,637.195
7,9,20,57.1408,639.817
7,9,20,69.8946,638.236
7,9,20,68.5943,764.387
7,9,20,71.6311,638.514
7,9,20,61.9384,650.749
7,9,20,75.3152,662.347
7,9,20,89.6855,645.338
7,9,20,64.8362,746.879
7,9,20,66.8118,697.135
7,9,20,66.8615,646.042
7,9,20,58.5142,714.609
7,9,20,69.0738,667.156
7,9,20,65.4733,842.949
7,9,20,60.817,729.71
7,9,20,77.8595,650.941
7,9,20,66.0474,647.116
7,9,20,92.8013,693.011
7,9,20,73.0496,803.101
7,9,20,66.8623,654.951
7,9,20,61.411,643.924
7,9,20,71.8964,641.068
7,9,20,75.9561,820.034
7,9,20,73.1535,683.698
8,9,20,0.0206504,649.928
8,9,20,0.0147309,687.211
8,9,20,0.0252481,646.523
8,9,20,0.024996,751.867
8,9,20,0.0282993,647.563
8,9,20,0.0284491,648.876
8,9,20,0.0241303,647.863
8,9,20,0.0187807,738.881
8,9,20,0.0201275,678.055
8,9,20,0.0224986,646.072
8,9,20,0.022028,648.38
8,9,20,0.00996208,645.332
8,9,20,0.0133619,764.828
8,9,20,0.0262048,690.884
8,9,20,0.0259087,644.773
8,9,20,0.0175242,683.996
8,9,20,0.0171189,718.317
8,9,20,0.0251682,805.03
8,9,20,0.0215449,646.653
8,9,20,0.0300004,649.029
8,9,20,0.0180035,645.292
8,9,20,0.0261281,750.706
8,9,20,0.0215821,663.633
8,9,20,0.0195303,646.705
8,9,20,0.0117912,644.334
8,9,20,0.0159671,643.326
8,9,20,0.0204692,746.128
8,9,20,0.0297003,703.965
8,9,20,0.0219352,644.772
8,9,20,0.015805,662.193
9,9,20,255.911,612.604
9,9,20,237.047,816.79
9,9,20,226.902,657.205
9,9,20,247.16,651.759
9,9,20,246.005,617.943
9,9,20,231.945,611.279
9,9,20,235.416,767.459
9,9,20,248.59,688.881
9,9,20,233.712,613.991
9,9,20,232.12,610.952
9,9,20,251.4,612.419
9,9,20,221.184,788.259
9,9,20,233.014,659.487
9,9,20,256.283,610.623
9,9,20,240.366,628.071
9,9,20,220.408,614.939
9,9,20,237.068,718.432
9,9,20,235.149,619.838
9,9,20,239.428,611.624
9,9,20,252.576,684.679
9,9,20,238.714,608.484
9,9,20,251.059,707.947
9,9,20,217.655,708.317
9,9,20,229.774,635.295
9,9,20,252.558,622.926
9,9,20,237.91,611.78
9,9,20,244.529,779.35
9,9,20,237.641,654.693
9,9,20,244.189,628.983
9,9,20,225.322,630.241
10,9,20,259.487,610.7
10,9,20,259.818,790.387
10,9,20,250.303,656.717
10,9,20,260.235,610.109
10,9,20,259.04,644.904
10,9,20,243.312,609.371
10,9,20,258.198,734.298
10,9,20,263.349,693.915
10,9,20,263.572,607.142
10,9,20,261.044,609.142
10,9,20,262.61,608.741
10,9,20,262.133,711.139
10,9,20,260.247,611.053
10,9,20,248.155,609.561
10,9,20,263.634,628.367
10,9,20,255.086,611.206
10,9,20,256.566,710.226
10,9,20,245.072,688.418
10,9,20,270.865,624.383
10,9,20,256.317,660.4
10,9,20,258.27,608.853
10,9,20,264.703,783.332
10,9,20,260.386,664.769
10,9,20,252.513,608.519
10,9,20,267.128,619.377
10,9,20,251.786,628.373
10,9,20,247.384,719.629
10,9,20,259.487,616.231
10,9,20,250.078,612.08
10,9,20,263.86,628.354
1,10,20,-17188.6,327.409
1,10,20,-14659,326.673
1,10,20,-15916.8,328.195
1,10,20,-17124.2,391.565
1,10,20,-15767.8,370.01
1,10,20,-16658.2,362.739
1,10,20,-16809.2,328.808
1,10,20,-16814.3,325.149
1,10,20,-16403.5,328.577
1,10,20,-16305.1,327.684
1,10,20,-16386.4,328.999
1,10,20,-15533.8,324.974
1,10,20,-17331.9,327.099
1,10,20,-15529.3,337.581
1,10,20,-16938.9,338.87
1,10,20,-16602.3,326.506
1,10,20,-16682,327.199
1,10,20,-17136.1,328.55
1,10,20,-16428.5,329.406
1,10,20,-16691,328.001
1,10,20,-16109,328.144
1,10,20,-16529.5,328.686
1,10,20,-15656.9,332.298
1,10,20,-16280.9,348.946
1,10,20,-16467.7,368.152
1,10,20,-15705.7,326.472
1,10,20,-16370.1,326.787
1,10,20,-15743.1,326.219
1,10,20,-16509.1,345.158
1,10,20,-15653.6,328.619
2,10,20,-14198.4,326.403
2,10,20,-14201.5,326.619
2,10,20,-14547.7,326.908
2,10,20,-13975,325.887
2,10,20,-13941.4,327.469
2,10,20,-14118.4,327.222
2,10,20,-14198.7,327.349
2,10,20,-14902.8,326.124
2,10,20,-14168.9,327.347
2,10,20,-14335.8,326.184
2,10,20,-14156.4,336.249
2,10,20,-14284.9,338.613
2,10,20,-14915.7,399.217
2,10,20,-14196.7,343.495
2,10,20,-14044.8,329.696
2,10,20,-14354.6,325.923
2,10,20,-13973.8,334.554
2,10,20,-14310.7,326.582
2,10,20,-13947.6,326.128
2,10,20,-14071.9,326.614
2,10,20,-14088.1,325.333
2,10,20,-14529.5,327.214
2,10,20,-14555.7,330.412
2,10,20,-14765.3,328.774
2,10,20,-14325.5,325.806
2,10,20,-14687.4,326.393
2,10,20,-14325.3,326.278
2,10,20,-14197.6,373.92
2,10,20,-14194.4,329.387
2,10,20,-14429.8,375.645
3,10,20,-14374.2,327.044
3,10,20,-14375.1,325.548
3,10,20,-14348.3,328.313
3,10,20,-14037.2,326.083
3,10,20,-14157.4,328.39
3,10,20,-14613.2,327.583
3,10,20,-13661.3,325.658
3,10,20,-14074,326.232
3,10,20,-14298.9,324.854
3,10,20,-13389.2,328.106
3,10,20,-14369.4,327.175
3,10,20,-14048.4,330.72
3,10,20,-14149.8,339.984
3,10,20,-13706.1,325.876
3,10,20,-14151.6,325.983
3,10,20,-14089.6,327.067
3,10,20,-14351.6,377.109
3,10,20,-14087.6,327.938
3,10,20,-13769.3,327.248
3,10,20,-13611.7,326.495
3,10,20,-14384.6,325.8
3,10,20,-13916.8,327.982
3,10,20,-14671.7,326.817
3,10,20,-14909.9,326.7
3,10,20,-14567.2,325.696
3,10,20,-14327.3,326.248
3,10,20,-14784.8,349.89
3,10,20,-14491.9,327.901
3,10,20,-14702.2,328.436
3,10,20,-14884.4,326.025
4,10,20,-13653.9,329.815
4,10,20,-13501.2,350.846
4,10,20,-13659.2,328.494
4,10,20,-14078.9,327.318
4,10,20,-13606,367.157
4,10,20,-14229.4,327.032
4,10,20,-14098.2,327.754
4,10,20,-14148.5,327.856
4,10,20,-14221.8,327.736
4,10,20,-14387.9,327.597
4,10,20,-14007.1,335.025
4,10,20,-13948.1,339.288
4,10,20,-13598.9,326.916
4,10,20,-14270.8,328.864
4,10,20,-14417,328.425
4,10,20,-13891.2,326.748
4,10,20,-13885.7,327.926
4,10,20,-13912.5,328.293
4,10,20,-14773.9,327.568
4,10,20,-13957.2,328.613
4,10,20,-13671.2,327.658
4,10,20,-13496.3,327.356
4,10,20,-14618.5,359.098
4,10,20,-14286.3,327.731
4,10,20,-13759.8,326.439
4,10,20,-13487.2,346.526
4,10,20,-14073,326.456
4,10,20,-14237.4,326.355
4,10,20,-14127.5,327.049
4,10,20,-14016.9,328.645
5,10,20,-13404.4,330.711
5,10,20,-13643.7,328.469
5,10,20,-14088,368.72
5,10,20,-14402.8,332.234
5,10,20,-13817.1,330.003
5,10,20,-13564.1,354.73
5,10,20,-13756.4,328.872
5,10,20,-13368.9,332.521
5,10,20,-13971.8,326.792
5,10,20,-13397.9,331.88
5,10,20,-13156.5,387.314
5,10,20,-13690.3,327.542
5,10,20,-13119.9,328.441
5,10,20,-13809.4,329.718
5,10,20,-13525,330.438
5,10,20,-13289.3,329.065
5,10,20,-13471.6,330.176
5,10,20,-13894,341
5,10,20,-13829.6,330.314
5,10,20,-13686.9,329.036
5,10,20,-13315.5,329.151
5,10,20,-13315.9,328.63
5,10,20,-13092.8,329.114
5,10,20,-13254.4,330.814
5,10,20,-13472,347.111
5,10,20,-13451.2,330.536
5,10,20,-13721.5,329.082
5,10,20,-13716.1,329.468
5,10,20,-14046.8,375.522
5,10,20,-13704.2,328.433
6,10,20,-11944.7,356.362
6,10,20,-15168.3,359.504
6,10,20,-13883.2,357.563
6,10,20,-15581.5,360.943
6,10,20,-14653.4,362.582
6,10,20,-14413.7,356.612
6,10,20,-13928.3,354.989
6,10,20,-15048.1,357.786
6,10,20,-14861.2,385.905
6,10,20,-14935,363.872
6,10,20,-13483,354.3
6,10,20,-14605.9,357.361
6,10,20,-14872.7,360.969
6,10,20,-15174,360.731
6,10,20,-13398.8,353.673
6,10,20,-14312.8,355.393
6,10,20,-14693.5,393.855
6,10,20,-15242.2,362.747
6,10,20,-14590.4,358.434
6,10,20,-13662.4,355.68
6,10,20,-13258.6,358.324
6,10,20,-14920.7,374.315
6,10,20,-13824.9,362.03
6,10,20,-14544.1,375.692
6,10,20,-14885.2,450.389
6,10,20,-15511.9,373.542
6,10,20,-14704.3,367.798
6,10,20,-14689.1,364.384
6,10,20,-14092.1,366.002
6,10,20,-13774.6,370.735
7,10,20,-11343.1,361.592
7,10,20,-11145.2,359.937
7,10,20,-11448.2,361.265
7,10,20,-11152.4,357.226
7,10,20,-11289.3,383.518
7,10,20,-10946.3,354.05
7,10,20,-10969.5,351.47
7,10,20,-11052.7,359.605
7,10,20,-11044.6,353.127
7,10,20,-11005.1,351.974
7,10,20,-11272.6,370.515
7,10,20,-11200.8,361.837
7,10,20,-10772.1,390.761
7,10,20,-11372.2,371.675
7,10,20,-10697,453.096
7,10,20,-11234.5,382.088
7,10,20,-10593,382.253
7,10,20,-11244.1,402.87
7,10,20,-10973.6,374.102
7,10,20,-10868,362.897
7,10,20,-11852.3,355.593
7,10,20,-11869,354.106
7,10,20,-11681.2,353.919
7,10,20,-11087.3,355.456
7,10,20,-10753.7,354.494
7,10,20,-10965,354.834
7,10,20,-11210.6,355.679
7,10,20,-10938,356.653
7,10,20,-11874.5,353.546
7,10,20,-11276.6,354.915
8,10,20,-9302.82,367.679
8,10,20,-9690.37,362.487
8,10,20,-10272.7,355.527
8,10,20,-10631,355.007
8,10,20,-11176.6,400.7
8,10,20,-10743.4,355.714
8,10,20,-11505.6,357.035
8,10,20,-9891.98,356.248
8,10,20,-10666.6,356.665
8,10,20,-11029.3,356.966
8,10,20,-11323,355.357
8,10,20,-10642.7,356.156
8,10,20,-12285.4,354.894
8,10,20,-11405.9,354.555
8,10,20,-11429.5,375.279
8,10,20,-9998.28,355.417
8,10,20,-10398.9,352.822
8,10,20,-10864.3,355.233
8,10,20,-10555.4,353.514
8,10,20,-12591,354.038
8,10,20,-11894.5,363.217
8,10,20,-12743.4,399.93
8,10,20,-11293.7,355.8
8,10,20,-10113.6,354.379
8,10,20,-10014.2,353.984
8,10,20,-10613.2,356.327
8,10,20,-11428.7,353.718
8,10,20,-11491.4,382.801
8,10,20,-10037.2,366.271
8,10,20,-11251.2,354.022
9,10,20,-9726.15,360.53
9,10,20,-10986.9,359.517
9,10,20,-10437.6,353.843
9,10,20,-10550.5,356.73
9,10,20,-10257.6,354.03
9,10,20,-9216.84,356.676
9,10,20,-10768.3,358.071
9,10,20,-10813.9,354.339
9,10,20,-10152.1,355.383
9,10,20,-10224.1,382.632
9,10,20,-10216.9,355.523
9,10,20,-9116.7,376.548
9,10,20,-10909.4,363.125
9,10,20,-10349.1,355.312
9,10,20,-10615.5,356.131
9,10,20,-11007.7,356.007
9,10,20,-9937.16,354.116
9,10,20,-11663.5,355.588
9,10,20,-9932.56,355.714
9,10,20,-11224.8,513.928
9,10,20,-10726.7,448.964
9,10,20,-10722.3,395.889
9,10,20,-11062.5,362.114
9,10,20,-10897.9,361.798
9,10,20,-10429.8,362.883
9,10,20,-10389.8,360.217
9,10,20,-11060.1,390.396
9,10,20,-10600.7,403.388
9,10,20,-9958.46,414.865
9,10,20,-10831.1,355.903
10,10,20,-9842.75,365.841
10,10,20,-9808.58,357.844
10,10,20,-9585.34,360.665
10,10,20,-10277.5,364.594
10,10,20,-9711.64,361.854
10,10,20,-9788.49,394.736
10,10,20,-9560.66,376.161
10,10,20,-10149.7,359.533
10,10,20,-9448.74,360.7
10,10,20,-9731.4,358.254
10,10,20,-10052.7,359.7
10,10,20,-9638.36,359.43
10,10,20,-9804.83,357.809
10,10,20,-9788.48,400.248
10,10,20,-9694.39,361.841
10,10,20,-8899.34,358.451
10,10,20,-10116.4,381.437
10,10,20,-9334.04,360.424
10,10,20,-9870.32,365.082
10,10,20,-10578.9,364.309
10,10,20,-9809.72,369.647
10,10,20,-9807.88,358.398
10,10,20,-9461.1,359.646
10,10,20,-10261,359.529
10,10,20,-9802.46,356.286
10,10,20,-9763.29,355.351
10,10,20,-9641.55,357.861
10,10,20,-10111.8,359.464
10,10,20,-10486.7,357.879
10,10,20,-9705.69,357.471
