instance,problem,method,makespan,execution_time_seconds,sequence
1.txt,FSSB,NEH,1450,0.0001284,"3 17 9 15 14 12 19 13 6 16 8 5 11 4 18 2 1 10 7 20"
2.txt,FSSB,NEH,1477,0.0001072,"10 6 20 9 7 1 4 13 5 11 16 12 3 17 19 15 2 8 18 14"
3.txt,FSSB,NEH,1353,0.0001254,"16 19 4 13 8 10 3 20 18 11 14 7 1 12 5 17 9 6 15 2"
4.txt,FSSB,NEH,1535,0.0001613,"13 9 16 17 14 4 20 11 15 10 2 7 1 5 8 12 19 3 6 18"
5.txt,FSSB,NEH,1406,0.0001452,"3 12 10 19 9 7 20 18 15 4 13 17 16 6 2 14 11 8 1 5"
6.txt,FSSB,NEH,1458,0.0001277,"2 20 11 13 6 7 5 14 8 1 17 12 15 16 18 10 9 4 19 3"
7.txt,FSSB,NEH,1452,0.0001263,"10 13 11 20 5 8 6 3 7 4 2 9 1 16 17 19 15 18 12 14"
8.txt,FSSB,NEH,1495,0.0001328,"17 12 9 11 3 2 16 14 18 5 19 20 8 7 13 10 4 15 6 1"
9.txt,FSSB,NEH,1457,0.0001797,"4 10 2 15 12 16 7 20 18 17 3 8 1 6 19 14 11 9 13 5"
10.txt,FSSB,NEH,1332,0.0001968,"11 7 19 9 12 16 6 8 18 3 20 13 4 10 2 1 14 17 5 15"
11.txt,FSSB,NEH,1798,0.0002018,"18 5 3 9 12 6 15 10 13 20 4 17 8 19 11 14 7 2 1 16"
12.txt,FSSB,NEH,1903,0.0001753,"12 13 17 9 19 5 8 4 20 11 15 7 10 1 2 16 14 3 6 18"
13.txt,FSSB,NEH,1772,0.0003125,"4 7 9 16 12 13 18 5 2 1 11 14 6 17 15 10 20 19 3 8"
14.txt,FSSB,NEH,1622,0.0001841,"18 11 20 3 12 5 13 4 15 16 1 10 2 7 6 9 14 17 8 19"
15.txt,FSSB,NEH,1722,0.000174,"16 8 18 20 14 15 1 7 2 19 9 6 13 10 12 4 5 3 17 11"
16.txt,FSSB,NEH,1671,0.000175,"18 16 8 19 14 6 7 3 13 4 5 17 20 15 10 11 9 2 1 12"
17.txt,FSSB,NEH,1738,0.0003135,"19 6 7 9 3 17 16 8 18 20 1 2 11 14 5 13 12 10 15 4"
18.txt,FSSB,NEH,1814,0.0002289,"7 17 8 18 14 2 1 9 6 11 10 3 13 20 19 15 5 4 16 12"
19.txt,FSSB,NEH,1846,0.0001886,"14 12 8 17 4 2 20 19 7 1 11 16 15 13 18 3 10 5 6 9"
20.txt,FSSB,NEH,1854,0.0002143,"5 16 14 13 19 4 17 9 7 8 2 20 10 18 15 6 1 11 12 3"
21.txt,FSSB,NEH,2530,0.0003942,"16 18 5 14 8 10 3 15 1 12 13 9 11 20 2 6 4 17 7 19"
22.txt,FSSB,NEH,2297,0.0004073,"18 3 11 13 4 6 16 14 10 20 12 8 5 19 15 1 7 17 9 2"
23.txt,FSSB,NEH,2564,0.0004905,"2 19 4 5 9 16 1 12 3 17 11 15 13 18 10 14 6 8 20 7"
24.txt,FSSB,NEH,2399,0.0006348,"14 3 18 8 6 20 2 4 12 15 1 7 5 13 19 16 10 9 17 11"
25.txt,FSSB,NEH,2538,0.0003173,"10 5 9 4 2 7 15 3 17 20 19 1 13 11 12 16 18 14 6 8"
26.txt,FSSB,NEH,2467,0.0003244,"18 6 8 20 1 16 2 13 9 5 17 15 10 4 3 7 12 14 11 19"
27.txt,FSSB,NEH,2475,0.000405,"17 10 12 9 16 14 18 2 6 8 19 11 5 20 1 3 4 7 15 13"
28.txt,FSSB,NEH,2411,0.0005031,"4 10 14 11 7 20 2 5 13 17 3 12 19 8 6 18 15 16 1 9"
29.txt,FSSB,NEH,2421,0.0003577,"1 8 17 13 6 11 2 14 4 7 18 10 12 3 20 9 15 16 19 5"
30.txt,FSSB,NEH,2407,0.0003983,"3 9 7 17 13 8 19 15 12 6 10 5 2 16 1 18 4 11 20 14"
31.txt,FSSB,NEH,3321,0.0009429,"17 32 6 34 27 22 28 25 43 8 44 48 37 10 24 39 11 42 45 26 9 47 16 13 7 3 23 31 50 41 40 12 19 36 38 46 30 18 49 21 4 29 2 5 14 15 1 33 20 35"
32.txt,FSSB,NEH,3498,0.0008097,"33 15 37 29 2 46 20 31 34 11 27 44 39 30 41 32 35 40 24 48 45 1 25 9 28 26 19 22 17 13 12 16 43 8 3 50 38 10 49 18 47 5 6 42 23 21 14 7 4 36"
33.txt,FSSB,NEH,3347,0.0008097,"27 2 1 29 24 33 3 46 11 12 15 36 34 16 49 4 5 25 17 21 37 26 22 8 39 41 19 18 7 10 45 20 48 28 40 38 47 43 9 13 32 50 42 44 30 31 35 23 6 14"
34.txt,FSSB,NEH,3358,0.0009493,"42 26 23 3 7 25 41 50 18 37 20 24 11 5 10 8 1 48 39 38 46 32 36 19 45 33 29 4 21 35 16 13 15 27 22 49 12 31 44 9 14 47 17 34 43 40 28 2 6 30"
35.txt,FSSB,NEH,3445,0.0008304,"46 48 21 1 43 35 40 23 14 22 2 47 11 15 26 16 31 13 18 50 29 27 32 30 19 44 12 10 3 20 39 5 24 4 41 8 37 6 38 25 28 34 17 49 36 45 33 7 9 42"
36.txt,FSSB,NEH,3381,0.0009983,"4 21 31 29 11 39 44 10 23 17 38 7 26 15 13 45 42 37 46 49 43 8 36 6 34 20 30 19 3 18 35 2 14 9 5 24 50 48 22 28 33 32 1 16 12 47 40 41 25 27"
37.txt,FSSB,NEH,3260,0.0008579,"22 47 43 20 18 32 41 1 5 19 50 37 42 34 8 38 13 40 15 46 6 12 31 35 33 48 17 11 36 14 7 23 30 21 45 49 4 29 24 9 2 10 39 44 3 26 25 16 27 28"
38.txt,FSSB,NEH,3260,0.0008283,"34 8 25 18 37 49 22 50 14 2 23 5 1 6 28 44 41 3 10 46 39 45 48 29 24 33 27 15 26 30 36 21 35 7 47 17 9 20 31 19 16 12 11 43 42 32 4 13 38 40"
39.txt,FSSB,NEH,3134,0.0008604,"46 1 3 50 40 18 9 10 28 7 44 15 33 19 25 36 43 39 37 32 42 21 22 41 34 6 48 30 11 49 38 2 26 20 47 16 4 45 29 24 13 5 23 35 27 31 12 8 17 14"
40.txt,FSSB,NEH,3472,0.0016385,"50 6 34 2 15 11 26 24 5 4 14 3 40 17 41 10 38 47 46 37 18 28 48 20 27 36 19 43 31 12 30 21 44 23 8 42 39 49 35 16 7 9 13 1 33 45 29 22 25 32"
41.txt,FSSB,NEH,3934,0.0013667,"42 44 33 20 36 1 18 48 35 31 43 14 12 8 38 2 4 10 46 25 15 23 11 17 34 47 13 6 21 30 37 26 7 49 29 3 9 40 28 5 22 45 16 50 41 32 19 24 39 27"
42.txt,FSSB,NEH,3760,0.001426,"35 49 3 24 28 42 12 20 31 39 46 7 34 32 23 6 16 15 9 27 29 50 26 14 38 47 19 36 44 21 8 4 43 37 18 13 11 40 33 10 25 41 2 30 5 17 45 1 22 48"
43.txt,FSSB,NEH,3766,0.0013793,"24 4 10 28 25 12 15 7 45 9 2 32 33 47 40 34 38 41 1 48 42 30 20 29 43 13 50 5 44 17 35 6 18 3 31 37 23 49 19 26 11 46 14 16 21 39 22 27 36 8"
44.txt,FSSB,NEH,3921,0.0013602,"20 5 22 10 31 42 19 7 33 29 44 9 18 8 37 17 28 14 39 2 24 12 30 1 11 41 47 38 15 26 32 4 21 25 40 48 36 35 34 23 43 16 6 49 3 45 46 13 27 50"
45.txt,FSSB,NEH,3906,0.0014725,"6 42 1 48 10 46 50 14 7 40 16 17 49 35 43 38 47 28 13 18 2 4 23 33 34 31 11 26 24 5 15 27 3 22 8 41 37 19 9 45 21 12 30 39 25 44 20 29 36 32"
46.txt,FSSB,NEH,3831,0.0018784,"3 24 5 11 9 10 25 14 33 41 27 17 2 13 30 46 1 29 36 18 48 43 32 6 50 22 8 21 35 40 37 49 39 47 19 26 34 15 31 38 42 23 28 45 44 12 20 4 16 7"
47.txt,FSSB,NEH,3919,0.0015639,"48 41 6 49 20 37 10 32 9 7 16 1 29 24 19 5 12 14 50 45 43 44 34 47 23 39 22 8 28 15 2 11 35 42 3 4 30 25 31 36 18 26 33 27 17 40 46 13 21 38"
48.txt,FSSB,NEH,3782,0.0014824,"21 1 26 6 35 47 19 44 25 8 38 20 5 9 22 24 29 18 46 16 50 42 3 10 2 37 45 33 30 11 4 12 23 49 41 14 31 43 32 34 48 15 13 36 39 7 40 17 27 28"
49.txt,FSSB,NEH,3854,0.0014323,"44 16 7 13 5 6 42 47 9 45 50 40 30 1 26 27 23 18 8 48 4 3 2 11 46 17 34 20 41 35 19 36 37 28 31 21 10 22 15 39 12 14 24 32 43 38 49 25 33 29"
50.txt,FSSB,NEH,3906,0.0013528,"49 15 11 42 8 40 39 28 44 37 4 22 6 1 32 16 27 3 20 48 43 25 17 26 7 35 5 24 47 46 31 36 30 12 34 18 9 29 50 13 10 21 23 2 38 33 41 14 45 19"
51.txt,FSSB,NEH,4849,0.0026989,"35 31 39 6 47 32 10 1 40 22 42 46 16 9 17 48 7 34 2 8 20 26 23 18 38 30 15 19 41 43 45 28 36 14 44 29 11 12 24 13 5 4 33 49 25 50 27 21 37 3"
52.txt,FSSB,NEH,4614,0.0025918,"32 33 20 43 49 41 8 31 40 48 37 5 22 16 45 29 42 39 17 3 38 46 47 36 1 14 15 30 35 25 44 23 6 10 11 12 18 13 4 34 2 28 50 26 7 21 24 27 19 9"
53.txt,FSSB,NEH,4686,0.0029628,"24 49 16 27 12 46 45 8 25 3 1 22 28 21 15 31 5 32 18 4 40 41 39 37 23 19 38 36 35 11 43 48 44 34 14 20 33 17 9 47 10 29 30 42 2 6 7 26 13 50"
54.txt,FSSB,NEH,4682,0.0026262,"20 45 24 4 15 38 44 13 36 19 14 30 3 21 26 31 33 2 17 47 43 16 49 18 11 12 35 25 48 29 22 32 7 46 6 10 41 9 40 1 39 37 23 34 50 27 42 5 8 28"
55.txt,FSSB,NEH,4475,0.0027309,"40 4 28 48 2 19 25 7 23 20 33 42 16 45 32 18 50 37 47 17 10 38 8 22 3 36 44 6 49 24 13 34 9 27 1 21 39 14 41 26 12 15 46 29 5 43 31 30 35 11"
56.txt,FSSB,NEH,4553,0.0028776,"14 3 6 37 49 5 33 17 50 21 18 39 27 20 45 35 16 40 31 32 36 13 46 48 41 28 11 25 30 1 4 2 42 8 43 22 10 34 19 15 9 24 23 7 44 47 29 12 26 38"
57.txt,FSSB,NEH,4579,0.0030497,"4 20 41 22 38 14 17 13 9 2 47 28 31 39 11 5 49 34 46 29 33 35 24 8 1 50 19 23 21 12 48 27 3 36 32 45 37 30 40 7 6 10 25 44 15 18 42 43 26 16"
58.txt,FSSB,NEH,4722,0.0032073,"32 33 6 30 39 20 3 5 15 9 41 8 4 36 29 22 49 50 47 26 42 27 35 48 43 13 24 38 7 14 18 17 31 25 40 12 37 16 2 21 19 10 1 28 45 11 46 34 44 23"
59.txt,FSSB,NEH,4563,0.0026617,"37 29 14 32 28 1 46 30 18 34 26 50 3 8 21 11 23 17 43 41 27 24 48 49 12 5 36 22 13 10 16 7 33 35 42 19 2 6 38 40 4 31 9 47 25 45 20 15 39 44"
60.txt,FSSB,NEH,4836,0.0026942,"36 3 1 8 48 39 37 43 16 20 50 32 29 31 7 25 42 47 5 9 23 4 27 40 6 44 21 14 28 24 33 41 49 12 17 19 15 35 30 10 38 18 11 22 2 46 13 45 26 34"
61.txt,FSSB,NEH,6728,0.0045769,"10 93 55 84 71 90 31 27 11 25 9 22 70 67 8 54 75 2 15 3 48 23 72 53 30 62 85 38 26 1 98 46 69 96 95 49 74 80 63 73 41 81 86 100 43 44 57 87 79 47 94 42 39 52 91 89 4 18 99 13 28 21 97 40 17 45 78 51 37 7 82 56 5 65 12 66 61 35 20 50 24 19 59 60 33 34 6 36 83 16 14 77 64 32 58 76 92 29 88 68"
62.txt,FSSB,NEH,6579,0.0041926,"54 7 3 27 11 74 87 4 30 18 22 62 35 71 60 40 70 57 32 36 64 84 41 81 89 50 85 49 21 2 44 55 38 96 26 29 97 90 56 91 67 37 52 43 34 75 51 28 19 92 99 39 86 68 80 25 82 42 31 6 20 45 53 76 5 98 77 15 83 33 88 16 46 23 48 78 12 13 9 47 93 8 61 100 17 1 66 58 95 59 14 24 94 72 63 73 10 65 79 69"
63.txt,FSSB,NEH,6348,0.0067892,"68 30 54 81 37 80 74 29 35 47 84 87 66 3 83 93 99 75 95 34 42 97 58 26 90 40 18 10 14 21 79 49 92 98 7 48 38 60 23 17 2 31 28 94 43 13 41 16 6 25 22 71 65 67 19 9 46 63 20 69 88 11 82 12 44 24 4 70 33 45 78 8 52 32 91 5 56 96 51 89 77 100 53 76 61 36 86 1 59 62 73 15 27 72 50 85 57 64 39 55"
64.txt,FSSB,NEH,6288,0.00466,"67 20 59 18 92 6 25 3 11 60 71 65 31 54 73 26 23 69 77 97 84 94 44 86 8 36 27 19 1 40 33 81 89 17 2 32 39 99 72 91 58 64 4 78 28 95 93 88 52 51 96 38 55 49 85 56 80 83 79 45 9 66 14 43 35 7 98 63 50 90 47 75 48 15 87 41 68 100 53 29 74 12 24 34 30 13 5 10 76 62 57 21 16 37 82 22 70 46 61 42"
65.txt,FSSB,NEH,6447,0.0041255,"72 51 21 37 91 93 55 88 63 86 78 38 48 53 19 26 71 81 95 7 59 65 35 34 46 89 47 76 64 44 8 16 97 33 4 11 57 12 79 2 74 68 24 77 10 28 22 92 70 67 56 20 62 6 32 69 3 23 85 30 60 96 54 13 27 25 9 15 40 45 42 14 31 80 43 49 36 61 66 84 5 75 29 99 52 100 90 73 58 87 41 98 50 94 82 39 17 83 18 1"
66.txt,FSSB,NEH,6303,0.0043379,"83 49 88 97 93 11 24 30 12 58 55 100 78 37 86 70 92 85 73 19 50 42 9 31 17 33 23 91 26 61 27 16 47 98 3 14 71 67 40 96 99 68 77 2 20 5 7 18 60 74 43 25 62 41 13 82 10 84 63 35 52 66 44 87 48 34 76 65 36 94 95 57 1 54 72 69 6 56 80 45 15 22 81 79 28 59 75 89 64 38 46 32 8 21 53 39 90 51 29 4"
67.txt,FSSB,NEH,6453,0.0042628,"19 20 22 2 29 86 36 37 52 34 73 39 68 31 30 74 41 56 26 63 51 48 59 83 60 32 82 44 8 57 9 61 49 4 18 84 65 90 17 21 54 58 42 11 99 50 13 64 3 24 77 91 12 53 10 94 72 95 93 78 33 43 23 87 25 88 47 97 70 100 46 66 45 67 7 75 76 80 96 14 40 81 98 27 92 85 69 1 38 35 89 62 71 15 16 5 6 79 55 28"
68.txt,FSSB,NEH,6414,0.0044261,"56 12 44 43 35 64 25 2 86 82 74 1 52 67 41 14 95 21 91 49 5 65 80 22 17 27 97 75 72 70 55 73 46 32 30 45 15 6 42 98 29 90 87 53 26 8 9 99 34 100 68 83 23 60 37 94 61 3 81 93 96 16 13 19 18 54 51 24 89 7 50 76 85 58 84 59 62 47 4 11 92 20 39 71 78 77 79 69 48 31 10 57 88 38 63 28 33 66 40 36"
69.txt,FSSB,NEH,6602,0.0042556,"70 57 9 43 59 90 48 24 44 63 4 58 84 51 2 98 96 52 92 78 65 18 23 67 37 77 91 31 30 26 25 64 74 14 62 7 76 20 3 27 56 100 11 29 40 21 60 19 83 32 16 97 54 68 61 12 50 5 81 45 87 66 73 93 85 69 55 6 28 1 39 82 86 80 49 71 33 42 15 41 38 34 79 10 36 95 75 53 88 35 99 89 22 94 13 46 8 17 72 47"
70.txt,FSSB,NEH,6719,0.0043539,"2 29 50 24 94 49 18 66 81 28 61 11 42 32 51 58 68 15 44 9 26 64 71 40 39 63 97 6 5 16 76 1 87 82 48 60 84 53 79 80 22 91 98 17 23 30 77 59 14 78 86 96 3 52 41 36 21 89 13 25 55 69 67 43 33 93 19 95 100 35 54 37 92 74 70 83 88 4 7 46 75 47 10 27 62 20 31 90 12 99 73 45 34 56 72 8 57 85 38 65"
71.txt,FSSB,NEH,7544,0.0083271,"58 44 70 5 43 64 20 60 91 27 29 35 34 39 51 100 53 13 62 47 82 83 87 96 15 61 59 77 99 74 89 28 72 21 95 81 93 17 49 84 24 38 52 6 80 57 10 92 4 55 16 1 73 50 85 22 46 97 14 66 41 23 76 32 68 42 86 2 7 98 8 75 67 48 25 79 94 71 9 90 11 88 54 18 19 65 31 33 56 3 78 69 36 63 30 26 45 40 37 12"
72.txt,FSSB,NEH,7350,0.0084296,"69 49 46 87 2 80 65 98 39 27 76 31 95 23 17 20 16 71 15 74 53 58 34 26 9 54 44 4 21 86 85 10 66 40 68 25 56 89 37 28 6 62 57 1 55 77 79 78 82 22 47 41 5 32 18 83 45 96 29 30 52 100 94 42 67 93 48 35 97 19 50 59 88 90 70 92 14 84 13 33 91 11 43 72 75 51 61 8 12 73 3 60 38 81 63 36 64 7 24 99"
73.txt,FSSB,NEH,7412,0.0084181,"58 34 64 57 25 74 94 92 12 39 96 49 10 100 30 19 93 50 76 33 78 88 26 17 98 84 53 68 8 79 47 3 2 77 86 63 1 22 80 14 89 16 99 9 65 83 56 45 31 32 81 72 54 71 38 75 43 7 11 37 44 62 40 48 85 35 60 36 28 15 67 29 5 4 24 87 61 73 59 97 20 27 95 13 23 52 66 51 41 69 90 70 82 91 46 18 21 42 6 55"
74.txt,FSSB,NEH,7654,0.0099291,"56 2 32 92 47 59 69 38 62 90 30 80 7 71 14 19 48 89 13 58 21 88 9 25 36 18 45 29 91 34 8 94 74 42 57 100 86 49 99 96 31 4 66 67 52 54 51 93 87 82 84 1 73 27 16 70 10 22 65 11 72 20 63 77 78 35 83 28 40 53 44 17 3 43 79 60 6 41 75 50 37 33 15 26 68 61 23 97 5 76 12 39 98 55 46 81 64 24 85 95"
75.txt,FSSB,NEH,7344,0.0088429,"83 79 75 76 51 97 70 10 81 30 72 23 53 62 14 25 52 46 28 90 32 80 63 82 48 55 29 84 20 65 33 18 98 11 66 91 7 74 88 38 99 36 49 87 13 93 9 94 44 57 42 45 85 59 92 71 27 39 17 41 68 16 34 69 15 73 89 12 37 6 35 77 1 47 5 2 56 24 60 4 58 61 96 40 21 54 8 43 64 86 67 3 22 19 26 31 78 100 95 50"
76.txt,FSSB,NEH,7254,0.0079288,"20 19 78 53 86 22 59 46 65 79 40 76 18 38 64 43 5 47 6 68 90 97 37 99 52 48 14 85 50 49 84 66 31 25 30 2 55 29 23 100 74 98 73 62 10 34 4 58 56 67 72 7 94 35 69 32 36 71 8 41 39 1 96 70 75 60 15 54 12 63 89 82 17 93 91 88 27 80 16 81 51 61 21 13 11 83 87 33 42 95 26 77 3 9 57 92 24 44 28 45"
77.txt,FSSB,NEH,7367,0.0088496,"56 64 1 86 27 47 52 35 14 39 79 5 83 22 21 15 4 50 70 48 29 49 37 18 95 94 89 61 77 58 96 31 91 92 71 24 88 9 87 25 42 55 23 80 44 62 28 3 7 33 26 63 16 85 57 66 20 82 78 30 36 51 98 17 60 2 6 59 69 11 32 99 40 8 68 43 45 93 41 90 100 72 46 73 75 10 19 84 97 34 81 65 74 38 54 13 67 53 76 12"
78.txt,FSSB,NEH,7428,0.0079926,"48 12 3 13 6 23 37 32 76 8 21 20 70 10 47 63 34 71 59 90 81 67 11 41 14 31 66 94 73 98 55 68 36 22 9 45 72 65 83 19 62 60 43 38 99 18 35 24 88 52 95 44 82 1 30 42 27 75 15 49 26 58 80 86 92 78 93 85 89 61 5 4 16 2 25 50 51 7 74 54 57 87 29 64 46 33 100 91 97 39 69 17 56 77 28 40 79 84 53 96"
79.txt,FSSB,NEH,7509,0.0110504,"91 87 23 84 37 73 40 12 27 41 74 2 65 24 31 28 47 100 70 71 51 50 21 85 60 38 63 35 67 49 68 11 95 90 52 93 77 9 15 22 13 39 78 7 89 45 58 72 88 69 59 14 25 97 29 94 76 92 57 99 42 18 53 98 19 6 43 54 1 66 46 4 48 64 5 10 83 3 36 34 75 62 20 16 86 30 80 44 32 79 81 82 8 56 26 61 55 17 96 33"
80.txt,FSSB,NEH,7526,0.0080781,"63 46 64 30 86 1 5 25 37 83 42 56 35 76 53 15 40 74 20 31 28 85 7 21 96 58 45 60 51 95 33 39 43 11 91 72 62 88 19 29 79 71 100 14 9 78 84 8 6 10 99 89 75 66 36 94 2 18 32 54 16 44 65 69 55 87 92 17 26 41 93 90 13 80 23 49 3 50 4 70 22 12 59 67 98 61 77 38 24 47 27 81 52 48 68 57 82 97 73 34"
81.txt,FSSB,NEH,8447,0.0170081,"22 79 3 53 76 33 86 90 41 91 92 61 6 46 19 60 80 37 95 58 9 44 57 65 66 51 78 30 88 12 32 99 16 93 62 10 68 21 71 4 11 83 54 81 82 35 100 85 34 43 67 49 56 39 73 24 28 63 5 96 29 45 55 2 26 48 27 42 70 18 23 64 17 20 15 72 31 94 52 87 50 25 75 77 14 13 36 40 8 59 97 74 69 98 7 89 47 38 84 1"
82.txt,FSSB,NEH,8384,0.0188408,"50 49 14 69 97 75 89 68 6 31 95 1 20 32 100 43 41 34 29 98 64 59 42 55 54 16 82 62 63 79 71 80 44 10 90 70 53 33 48 26 7 15 45 58 52 13 56 22 61 83 73 9 35 65 40 74 72 5 84 93 78 2 38 51 28 8 47 37 12 25 87 96 99 66 3 76 91 17 24 27 36 23 77 60 92 19 86 30 4 85 67 11 88 81 46 18 21 39 57 94"
83.txt,FSSB,NEH,8238,0.0213938,"42 10 90 51 44 48 9 86 94 23 67 54 20 97 8 74 64 41 45 28 22 65 80 56 40 63 4 5 46 32 25 36 70 88 33 47 57 98 35 6 13 89 27 82 66 3 72 85 43 73 52 34 1 12 78 26 84 29 77 58 7 59 69 39 61 21 96 31 38 14 81 37 91 24 49 87 17 11 2 60 76 68 50 53 16 15 30 99 75 79 93 71 55 95 92 62 19 18 83 100"
84.txt,FSSB,NEH,8329,0.0161145,"5 69 60 82 84 67 1 8 45 32 16 25 17 83 66 24 58 74 98 20 9 55 95 96 26 52 92 64 63 10 21 70 13 71 54 86 22 72 93 42 87 56 19 78 34 88 7 100 50 28 99 51 46 31 41 38 43 91 59 23 68 61 15 79 11 76 47 37 18 29 85 81 35 4 75 62 89 57 2 49 94 44 97 48 77 30 12 6 39 65 14 73 3 90 27 53 36 40 80 33"
85.txt,FSSB,NEH,8291,0.0170495,"33 64 10 98 91 12 62 15 30 14 36 86 74 9 99 87 60 65 85 54 71 13 67 75 49 78 5 58 27 22 70 8 72 23 37 80 69 26 94 100 28 16 52 76 45 25 46 48 97 42 66 41 40 50 57 53 82 73 38 88 59 92 96 4 24 3 89 81 29 31 21 1 93 47 6 17 44 43 39 61 35 84 2 11 95 32 79 20 56 90 68 55 19 7 34 77 63 83 18 51"
86.txt,FSSB,NEH,8419,0.0160999,"56 82 83 76 1 8 30 38 26 92 13 69 65 60 57 9 63 22 36 68 71 4 70 64 39 33 2 87 14 95 55 61 96 45 58 73 59 85 79 84 98 86 21 81 40 52 7 78 41 3 67 75 74 94 10 54 89 51 97 16 23 19 80 88 46 66 17 34 28 37 35 91 99 90 49 100 5 20 47 25 44 24 27 62 6 77 53 48 93 43 31 12 29 50 11 72 32 18 42 15"
87.txt,FSSB,NEH,8562,0.0165194,"57 49 60 94 67 11 70 98 20 48 13 89 31 58 100 16 77 42 65 82 79 46 23 73 63 34 29 7 51 90 5 2 14 91 24 97 35 53 92 9 36 18 56 6 45 40 39 55 8 64 30 41 99 38 19 17 32 72 85 93 84 52 61 21 43 12 78 69 33 88 26 37 59 71 54 47 4 10 74 87 15 1 80 96 50 95 66 81 27 3 83 22 25 62 28 44 68 86 76 75"
88.txt,FSSB,NEH,8465,0.0172993,"72 71 4 59 90 87 18 7 17 6 33 15 70 69 31 64 48 22 30 63 10 2 73 86 79 96 19 24 14 81 29 27 98 44 66 77 52 38 83 65 91 51 93 36 54 40 25 12 60 39 26 41 84 53 61 45 89 75 67 56 78 88 74 8 37 100 9 57 50 5 49 68 80 58 43 85 95 11 76 23 1 55 82 42 35 62 20 94 46 47 3 16 97 28 32 21 13 99 34 92"
89.txt,FSSB,NEH,8388,0.0191756,"43 34 47 66 49 74 10 7 55 51 58 2 78 54 16 15 41 96 27 46 59 24 19 5 33 89 68 90 35 42 45 79 86 31 73 87 11 4 71 36 94 84 30 12 65 69 39 67 20 25 83 53 21 60 77 8 95 82 32 28 64 75 22 23 99 100 40 26 14 92 70 57 56 38 13 6 85 61 80 29 9 76 88 97 93 18 3 44 62 1 63 48 72 50 81 52 17 37 91 98"
90.txt,FSSB,NEH,8475,0.0178171,"11 90 17 70 46 24 21 54 48 44 51 23 1 62 100 60 67 38 6 3 87 25 92 37 86 74 98 40 52 68 43 31 65 10 32 5 27 56 45 57 78 84 63 89 49 34 33 2 14 18 97 15 95 99 22 12 26 4 16 13 96 7 35 72 50 42 83 58 69 88 81 79 71 61 47 76 94 36 39 77 64 9 19 29 93 28 59 41 75 30 82 80 20 8 73 85 91 53 66 55"
91.txt,FSSB,NEH,14446,0.0491542,"148 73 1 33 87 34 28 29 172 191 37 161 42 48 189 115 8 63 13 111 123 57 103 14 84 22 182 50 194 130 53 104 198 135 108 166 20 131 153 141 185 112 126 128 119 177 51 62 101 19 199 193 5 9 7 10 12 24 186 3 77 169 146 147 163 96 134 6 110 78 125 21 55 140 168 30 100 49 106 174 114 121 116 102 138 17 181 74 56 11 144 58 105 196 154 192 38 46 26 179 122 184 54 44 132 171 83 85 170 59 86 79 89 91 164 43 137 188 113 60 93 133 36 23 65 156 15 61 160 76 27 81 176 47 136 129 197 99 149 190 94 152 90 124 173 71 142 151 167 18 117 35 107 175 40 70 32 143 145 97 200 80 92 4 25 2 95 118 187 88 31 72 165 157 195 69 68 150 158 162 16 183 41 66 120 155 127 64 45 75 139 159 82 67 52 180 109 39 98 178"
92.txt,FSSB,NEH,14295,0.0516886,"42 27 133 114 144 1 25 184 108 46 44 182 78 157 200 146 58 82 121 29 156 48 111 40 192 68 152 14 117 86 122 54 17 2 198 36 30 24 131 26 173 128 178 189 34 50 179 5 105 52 39 165 167 176 72 134 197 102 120 80 151 199 6 90 3 153 83 16 43 12 193 37 4 67 38 185 41 95 147 142 18 107 119 32 55 143 155 73 174 164 139 19 85 171 76 186 93 66 160 28 81 110 138 132 129 175 7 191 89 113 87 168 135 59 75 154 169 35 123 172 56 71 162 118 49 84 194 23 159 163 106 92 115 51 180 116 124 195 99 101 21 11 145 141 70 74 190 125 137 140 22 187 45 53 148 33 109 69 97 31 177 13 63 96 130 62 88 104 100 94 9 15 188 112 161 61 183 170 65 57 181 149 64 158 98 103 91 77 166 150 20 60 127 79 136 126 196 47 8 10"
93.txt,FSSB,NEH,14435,0.0484277,"97 95 4 151 124 74 87 142 145 48 56 197 188 110 23 132 38 163 22 136 53 34 63 70 81 120 5 16 35 105 185 175 183 6 130 172 155 139 179 161 167 162 109 122 144 158 80 30 11 107 178 117 54 156 79 196 168 64 13 55 71 111 114 75 45 152 127 112 165 164 9 19 41 137 7 8 62 131 65 121 17 25 29 31 106 193 12 190 47 143 40 160 138 57 186 67 60 129 103 43 69 15 100 20 125 126 166 198 147 150 104 169 171 49 36 187 84 24 83 18 92 39 32 89 157 134 180 159 85 51 189 102 88 184 78 128 176 82 174 76 182 113 96 146 3 93 154 28 58 44 192 119 91 2 133 141 170 68 123 14 21 181 148 77 1 46 118 94 37 199 108 59 191 72 86 10 27 42 101 73 153 115 140 66 61 90 99 177 26 194 149 200 116 135 195 33 50 173 98 52"
94.txt,FSSB,NEH,14428,0.0479886,"7 14 191 138 200 186 85 41 98 89 169 1 167 48 58 26 49 46 100 148 127 60 22 117 193 140 114 154 72 152 172 66 84 70 109 6 65 35 78 2 39 150 149 97 27 34 129 54 23 92 155 116 130 142 74 124 82 3 195 75 119 44 198 108 118 93 51 162 94 88 113 110 73 122 157 45 112 123 29 37 8 68 141 95 164 177 28 16 77 121 83 175 40 171 52 31 101 53 79 182 104 42 19 21 5 102 179 174 57 9 181 20 194 180 33 96 87 125 15 30 170 151 106 159 67 63 166 183 135 197 62 61 59 105 24 80 55 190 126 178 103 137 13 47 132 145 99 144 36 32 120 10 134 161 71 38 187 50 111 165 188 189 115 153 91 69 64 128 86 25 76 147 56 158 185 11 90 160 196 131 192 163 168 184 146 43 107 176 12 156 139 18 143 4 133 173 81 136 17 199"
95.txt,FSSB,NEH,14387,0.0488777,"198 124 193 29 63 11 144 35 108 172 101 154 73 46 61 18 2 79 12 123 195 92 58 181 186 188 74 89 105 125 33 64 131 55 7 138 21 25 42 150 182 165 48 32 6 185 22 132 194 130 139 76 102 187 20 83 115 176 119 100 5 59 28 118 71 43 137 112 88 27 156 85 122 13 142 56 81 129 199 9 162 53 34 19 145 158 47 24 133 77 104 15 87 141 36 173 197 38 66 106 17 80 157 44 168 151 93 120 50 196 190 121 8 98 54 184 147 140 160 166 4 84 10 152 37 171 3 161 40 164 177 1 57 16 90 127 143 126 180 155 128 200 91 68 52 103 111 109 95 135 191 67 86 60 70 96 117 114 26 149 51 192 14 189 178 163 72 23 107 148 113 183 175 153 110 39 45 170 41 134 169 82 97 75 179 136 49 99 116 78 62 167 69 65 31 159 94 146 30 174"
96.txt,FSSB,NEH,14237,0.0475033,"100 36 102 95 25 187 184 130 80 93 21 139 150 15 27 5 31 113 140 50 162 90 108 6 54 160 61 48 116 126 9 178 85 79 176 53 174 103 153 143 89 13 183 146 34 65 70 180 44 145 39 158 41 156 98 99 186 122 42 67 114 63 106 62 173 10 49 64 111 168 35 157 192 133 159 128 71 69 78 131 127 47 11 181 132 8 142 12 26 18 73 199 76 175 161 22 75 104 120 136 125 149 182 16 59 151 1 141 137 28 115 3 2 57 138 23 198 82 101 155 118 55 109 172 68 107 43 134 52 195 112 135 29 37 46 74 148 169 196 92 14 179 200 170 110 165 20 193 72 197 96 83 94 167 91 60 190 66 129 164 56 171 24 166 121 33 154 163 123 191 17 152 185 30 117 188 86 7 105 177 189 119 58 88 144 97 81 194 45 38 84 19 4 124 32 87 77 51 40 147"
97.txt,FSSB,NEH,14609,0.0482422,"198 147 60 123 179 112 62 50 119 40 161 158 85 154 173 195 78 143 83 194 169 115 141 36 31 101 94 46 117 191 73 52 97 139 88 26 182 11 168 23 151 57 35 196 159 56 39 165 170 18 145 80 25 187 63 42 130 106 70 99 134 125 24 146 1 55 64 193 113 157 74 156 54 171 72 87 150 199 103 129 3 131 79 110 133 16 186 183 175 137 172 120 8 81 124 82 84 185 47 27 121 53 69 174 48 67 188 166 180 89 51 10 122 14 91 29 197 108 184 34 49 93 75 192 38 114 144 58 104 136 178 76 140 6 20 167 111 132 190 109 4 105 163 142 12 5 86 37 128 66 189 21 32 43 153 96 152 2 30 162 100 22 13 7 116 90 176 118 61 28 200 65 149 155 92 19 95 59 45 77 127 181 102 148 33 68 138 17 160 164 44 9 107 177 41 98 126 15 71 135"
98.txt,FSSB,NEH,14491,0.0480244,"154 112 65 143 184 33 64 54 186 31 159 48 96 169 11 188 111 132 131 103 129 189 183 190 93 176 34 2 105 114 83 181 82 76 87 168 50 10 163 97 116 29 46 166 66 165 18 99 22 89 195 51 128 44 119 145 85 24 177 38 23 185 180 175 152 28 156 167 125 7 170 55 79 178 144 122 45 80 26 74 1 102 70 106 151 9 49 141 197 192 191 62 109 37 98 139 155 36 134 194 135 146 91 121 187 35 40 12 77 86 14 182 95 25 47 117 56 150 68 52 118 16 5 4 73 19 58 90 92 13 104 138 123 124 164 15 113 61 88 78 157 142 133 130 59 63 158 17 126 42 21 199 173 174 198 160 41 32 171 115 110 149 53 107 140 136 127 120 94 57 27 71 147 60 137 172 6 81 161 3 8 39 193 200 101 67 20 75 179 43 72 69 100 162 196 30 148 108 84 153"
99.txt,FSSB,NEH,14258,0.048203,"97 199 124 92 94 148 10 173 66 117 114 38 23 166 7 75 153 52 150 183 63 14 147 190 47 120 2 99 102 134 87 41 33 32 90 139 131 50 182 108 1 146 128 83 44 181 48 51 177 25 169 185 159 143 164 104 17 59 142 113 133 107 132 174 71 196 119 100 26 149 192 187 151 58 188 191 158 156 157 125 195 88 186 15 3 78 65 22 176 118 19 76 34 140 8 129 200 5 77 80 152 101 61 16 135 136 86 160 167 81 122 161 89 130 197 123 68 193 6 36 179 84 67 137 198 21 72 45 112 194 64 109 31 105 11 106 163 172 13 18 91 30 40 62 178 175 56 35 168 69 154 46 189 180 73 184 49 55 28 98 165 20 12 145 110 70 39 141 126 144 60 121 138 127 74 4 37 111 53 54 162 82 171 43 95 27 29 170 85 115 103 93 24 57 9 79 116 96 42 155"
100.txt,FSSB,NEH,14566,0.0480876,"148 138 65 179 105 193 171 170 110 181 18 50 190 158 6 153 60 32 73 7 172 66 131 109 195 76 132 31 101 164 123 14 143 12 149 188 39 197 198 121 182 89 103 87 119 46 16 93 42 115 192 200 163 53 108 69 10 167 63 62 52 127 74 104 135 83 111 134 168 94 196 176 166 86 4 199 20 175 152 81 29 79 25 51 19 5 21 23 28 1 43 130 147 64 2 45 38 157 145 185 3 24 106 92 180 186 187 151 95 120 61 142 189 137 9 169 47 88 98 68 100 41 161 77 136 34 72 84 150 33 91 113 17 70 15 118 35 124 37 107 90 22 160 159 173 40 174 58 165 116 141 112 80 82 194 97 57 178 117 96 8 154 11 125 36 67 54 155 133 128 122 162 55 146 49 48 26 102 75 44 114 30 78 144 183 56 13 59 129 191 99 27 156 71 126 139 85 140 184 177"
101.txt,FSSB,NEH,15747,0.129445,"76 83 151 200 95 152 150 39 122 181 105 7 2 57 117 125 36 101 103 113 144 65 177 3 67 132 72 85 5 133 196 112 38 90 9 175 120 44 30 55 124 167 74 28 188 123 46 154 66 173 68 26 91 25 147 155 141 182 197 136 194 102 171 80 184 198 13 158 35 159 47 15 21 119 69 153 157 106 169 187 50 176 129 48 199 116 146 1 156 115 139 172 180 127 79 12 52 4 16 58 31 6 40 70 168 104 164 108 18 189 11 49 33 75 98 185 89 17 63 135 37 56 59 34 143 22 142 162 60 14 178 10 186 81 71 41 51 160 96 8 111 61 32 84 53 149 110 82 161 109 128 54 148 93 130 73 97 126 77 191 138 166 29 192 24 99 174 145 20 23 86 121 92 42 140 170 131 94 193 137 107 62 165 43 190 163 78 88 134 100 179 27 118 87 195 183 64 45 19 114"
102.txt,FSSB,NEH,15928,0.10698,"56 132 136 151 160 74 53 11 91 60 149 197 118 43 119 176 94 164 21 152 97 101 89 166 45 99 35 57 26 184 48 78 24 30 96 54 47 198 110 50 181 143 18 2 106 37 59 15 9 117 34 90 25 182 93 5 12 77 41 140 22 87 8 29 100 185 108 158 167 153 142 148 174 116 46 120 49 42 141 27 188 39 98 200 173 114 138 135 150 131 125 95 171 122 107 16 190 137 139 130 105 13 75 82 61 154 156 134 189 126 63 65 64 23 163 71 195 170 28 187 17 19 194 66 177 1 70 121 31 183 186 109 85 104 128 178 55 147 161 14 113 199 196 192 146 81 127 68 32 175 144 84 20 33 4 168 3 103 179 92 155 162 58 76 52 169 51 83 159 193 6 111 124 88 172 115 38 10 72 79 40 112 62 80 145 102 86 123 165 69 73 129 157 191 7 36 67 44 180 133"
103.txt,FSSB,NEH,15954,0.107474,"124 11 49 29 28 36 107 100 167 145 159 139 37 188 109 144 179 162 6 127 90 72 26 125 133 147 168 178 187 123 185 103 195 9 163 5 95 177 137 52 110 128 31 111 96 4 176 59 116 57 77 73 180 46 15 143 48 88 192 183 32 169 117 47 141 152 199 67 200 86 146 27 64 30 20 173 58 105 121 106 81 134 189 44 34 129 70 68 101 82 132 84 66 108 156 40 186 8 170 135 148 45 104 78 50 63 158 151 3 166 182 191 43 181 136 198 65 174 62 113 149 10 24 74 25 196 97 69 21 154 35 193 60 172 130 80 39 91 14 190 16 138 118 150 115 94 102 93 18 1 153 197 55 75 38 164 56 131 157 184 23 126 19 12 33 161 175 42 98 41 61 122 120 79 165 155 92 13 114 99 71 194 54 51 160 89 2 112 17 7 119 85 140 171 22 76 83 53 87 142"
104.txt,FSSB,NEH,15911,0.101805,"177 8 183 21 153 166 141 62 82 149 147 59 174 182 139 186 184 175 65 93 2 60 152 120 195 191 12 125 85 68 23 27 156 98 199 180 39 16 73 165 29 4 19 188 129 99 18 154 15 109 38 10 164 97 196 136 163 55 30 155 87 83 104 158 192 54 173 33 43 49 78 170 111 137 1 66 53 77 189 48 123 138 179 35 145 171 84 118 57 20 71 168 40 100 143 108 69 134 115 11 44 112 131 56 128 181 95 126 96 119 58 86 5 144 32 187 127 46 117 37 197 135 13 101 26 90 25 102 70 150 41 116 159 107 185 74 105 121 172 190 63 51 122 92 17 42 162 36 130 7 31 146 75 157 200 45 76 106 193 50 89 140 161 80 79 167 9 198 72 114 22 178 124 6 91 103 110 67 194 14 88 52 24 169 113 132 142 176 34 64 151 81 47 28 94 3 133 160 61 148"
105.txt,FSSB,NEH,15857,0.109188,"171 162 31 134 11 107 103 75 86 29 5 37 163 196 141 95 92 137 101 105 99 112 38 24 67 110 56 176 40 100 97 27 50 199 39 185 154 85 98 148 159 195 93 156 6 70 45 83 168 175 55 160 147 21 116 43 153 10 118 25 48 151 180 44 125 72 68 200 169 194 65 91 167 190 73 94 69 96 120 80 14 109 142 63 108 138 121 33 90 179 143 161 146 7 181 32 17 74 12 173 111 133 174 9 177 158 193 124 106 131 52 18 128 53 145 188 4 46 26 3 115 172 135 60 20 59 35 192 88 113 150 16 123 13 64 104 36 78 58 152 182 42 89 15 164 82 155 198 47 184 170 136 1 87 79 57 28 183 127 34 166 126 66 41 22 77 71 30 187 149 178 132 102 122 2 114 186 76 165 140 8 23 19 129 189 197 51 157 139 62 119 84 130 54 117 61 49 191 144 81"
106.txt,FSSB,NEH,15948,0.106272,"98 157 121 117 142 180 163 181 145 187 137 122 170 99 134 84 150 92 107 154 167 171 127 37 35 85 72 114 125 126 22 159 53 165 31 73 156 120 200 148 74 75 173 174 143 153 46 28 9 161 135 8 131 191 105 7 147 14 112 111 30 10 63 185 24 13 18 118 83 103 197 177 4 55 186 19 123 27 128 64 184 182 82 96 17 88 115 16 34 62 50 144 196 15 97 151 29 87 168 129 110 38 86 39 60 81 44 93 49 172 51 160 1 33 42 141 76 190 59 78 152 140 12 195 61 176 69 166 133 130 41 66 138 108 36 91 104 179 52 68 90 100 3 25 139 47 199 113 124 65 101 119 43 48 169 54 193 70 109 45 21 80 32 67 188 198 89 5 158 56 146 106 149 79 162 26 23 155 71 136 189 164 132 192 2 94 194 58 6 57 175 40 102 183 95 77 20 178 116 11"
107.txt,FSSB,NEH,15884,0.10804,"200 65 190 23 89 6 64 80 20 157 154 128 35 171 138 98 110 77 113 45 27 16 179 81 44 162 58 169 4 5 91 94 144 85 189 40 141 57 145 177 95 1 183 136 84 114 176 127 102 198 19 87 188 93 26 100 12 49 180 38 11 166 70 92 68 107 172 129 32 29 134 191 53 135 167 7 25 24 74 83 42 185 187 101 15 62 143 33 39 51 119 8 125 148 21 61 152 14 123 47 122 9 71 111 72 60 184 195 147 55 66 36 133 56 88 37 118 115 52 178 50 193 75 82 79 124 96 194 173 151 90 78 76 112 54 67 130 22 86 161 142 165 181 105 106 155 164 182 17 153 199 174 156 48 59 196 131 175 10 73 140 159 163 117 186 160 31 197 126 137 149 63 168 108 3 43 46 13 34 18 158 139 69 103 41 170 104 150 109 99 30 2 146 116 121 192 28 132 97 120"
108.txt,FSSB,NEH,15979,0.10894,"136 105 200 58 91 83 31 20 137 199 160 191 112 150 194 172 49 106 76 1 39 93 92 104 21 193 46 102 88 142 174 96 173 68 103 7 117 107 40 110 162 2 18 182 89 82 13 138 181 166 188 62 81 44 74 37 90 47 97 147 85 169 165 158 101 15 77 144 33 175 149 60 23 75 125 124 99 121 14 198 12 42 67 43 126 135 27 94 69 192 119 56 95 178 139 156 50 53 140 57 161 55 154 71 36 122 180 6 197 66 127 24 190 28 8 63 132 179 3 38 129 157 64 184 108 141 30 35 171 111 167 120 148 26 80 131 73 143 54 61 52 11 4 114 29 5 146 153 17 177 87 34 115 72 86 48 176 113 41 45 195 100 79 118 19 170 130 164 155 123 187 145 134 186 159 185 78 133 59 98 84 189 116 163 183 70 151 22 65 32 25 51 152 10 196 128 109 9 16 168"
109.txt,FSSB,NEH,15841,0.112066,"10 190 199 166 72 74 29 101 61 19 154 136 145 76 78 109 39 177 66 83 90 59 194 43 165 121 1 100 192 135 14 70 92 3 4 185 141 67 146 57 112 77 51 183 42 97 167 193 181 196 126 127 176 9 104 60 13 27 191 75 63 200 188 23 132 95 12 47 143 122 52 15 82 32 98 187 56 169 118 182 129 81 163 53 149 137 88 62 35 139 49 44 48 159 179 156 119 195 31 171 178 128 157 164 38 86 40 91 87 41 28 79 5 21 184 68 125 133 85 33 150 102 155 162 152 170 114 18 34 45 26 158 93 103 58 16 37 50 25 2 20 134 160 80 173 168 17 46 130 117 153 11 36 175 107 108 147 65 172 106 71 198 131 161 105 96 69 186 120 123 24 148 115 174 111 64 138 55 7 116 142 140 94 99 110 151 54 6 84 189 144 30 113 124 197 22 89 73 180 8"
110.txt,FSSB,NEH,15898,0.103122,"120 162 45 130 15 50 159 151 135 104 25 131 9 21 177 112 18 3 98 140 149 121 141 75 107 171 198 114 124 77 68 155 10 91 47 161 133 168 1 40 153 28 103 172 59 83 31 13 150 94 142 7 100 8 178 189 65 67 16 113 81 196 84 127 197 139 166 48 144 32 27 191 186 132 108 86 123 72 126 118 199 70 14 180 60 64 192 93 175 35 116 56 55 42 12 163 154 160 174 146 30 17 184 200 37 89 62 117 4 51 19 194 187 109 41 95 188 85 190 36 152 43 170 165 122 46 52 148 5 156 71 39 24 119 110 33 99 138 134 58 125 61 129 182 79 167 80 102 183 26 66 185 136 96 74 128 73 181 176 92 193 11 179 63 106 23 82 105 145 2 88 57 157 53 20 97 111 195 44 49 173 78 147 90 69 143 137 87 54 115 164 38 34 158 101 22 29 76 169 6"
111.txt,FSSB,NEH,38241,1.44262,"485 183 128 315 145 257 475 124 288 377 436 248 161 426 343 52 378 155 14 246 299 36 217 1 311 285 157 243 421 22 328 410 279 346 332 65 260 121 403 148 478 498 201 59 177 221 27 208 152 187 490 147 134 109 344 188 15 23 308 474 428 213 197 104 105 294 435 376 310 477 451 184 270 87 371 385 267 140 57 486 360 296 126 75 388 468 467 442 293 111 38 103 357 396 434 153 193 34 112 356 82 94 387 496 123 216 58 295 287 84 244 106 350 368 167 80 10 280 452 316 304 181 335 127 379 62 29 342 135 159 444 414 176 224 30 283 470 303 190 172 277 472 471 438 120 92 212 274 90 156 325 31 44 48 459 174 481 427 323 234 411 336 196 276 233 359 432 136 182 99 292 61 489 170 487 230 329 173 372 138 408 458 28 77 232 43 338 455 45 423 476 413 412 345 352 391 219 354 85 324 101 12 453 209 473 347 445 339 493 98 218 13 9 114 291 110 39 96 448 443 309 305 225 237 229 192 366 256 271 107 37 74 150 409 425 143 449 297 355 351 166 358 46 253 484 275 494 258 195 100 397 301 334 330 361 178 261 394 141 51 8 326 286 367 383 433 492 223 211 210 464 363 333 415 370 93 206 102 179 81 207 418 220 254 202 11 151 389 469 491 194 407 239 399 266 131 67 400 362 72 318 24 263 307 119 116 393 278 364 231 321 430 306 422 71 154 91 133 205 54 171 83 88 42 5 198 406 70 113 327 340 461 392 398 55 374 33 341 3 238 95 390 20 168 395 450 149 2 162 373 240 289 63 424 18 137 314 122 337 312 144 264 222 497 130 290 125 185 158 21 480 429 227 4 380 163 401 41 441 482 268 281 381 250 500 319 35 402 186 129 56 25 200 322 365 252 164 6 416 86 199 203 465 146 386 320 247 499 353 272 460 404 68 69 76 454 64 132 97 236 117 66 17 457 175 169 78 348 313 375 420 180 235 7 50 165 446 479 488 384 483 466 419 89 142 265 462 60 284 255 405 382 302 160 369 226 79 298 439 447 241 49 40 245 331 215 269 73 26 191 259 456 228 495 53 242 431 440 463 349 47 16 189 139 437 251 214 19 249 317 204 273 282 118 262 108 417 32 115 300"
112.txt,FSSB,NEH,38572,1.46218,"8 4 74 455 220 379 228 495 10 112 283 147 425 263 500 130 414 71 303 295 60 405 111 255 65 219 487 196 157 241 86 124 192 30 436 499 99 194 440 375 216 79 477 251 29 413 340 95 280 207 464 176 270 450 179 238 339 189 7 346 46 24 322 9 77 490 315 376 54 148 438 120 287 333 210 415 247 356 18 33 454 388 97 381 301 368 114 437 117 486 377 12 249 118 325 115 366 61 31 90 177 75 69 70 190 309 161 81 302 300 265 392 439 246 416 140 284 297 158 281 156 399 409 174 121 373 213 313 212 180 106 231 109 76 34 386 41 272 393 354 248 223 119 101 242 357 426 135 350 435 67 42 434 15 218 202 237 68 186 364 144 139 314 17 258 404 123 91 445 38 83 277 199 256 211 410 205 496 351 45 73 431 355 232 408 257 134 138 492 164 306 129 430 457 483 62 293 299 444 153 451 230 206 35 170 358 51 289 423 478 145 268 173 214 125 382 334 398 229 288 181 116 239 456 159 93 55 276 311 175 155 267 127 282 343 332 215 20 193 28 252 56 432 378 488 433 429 82 371 461 412 271 466 224 362 26 420 307 472 318 253 48 162 395 169 50 102 141 475 365 401 19 57 88 254 84 446 481 482 150 498 32 151 197 160 178 80 168 493 27 21 427 452 66 441 361 321 400 422 183 389 349 167 278 195 37 374 494 72 137 294 479 22 329 240 209 462 476 285 92 142 391 266 5 491 443 136 2 497 107 273 331 275 1 110 390 406 53 133 411 126 243 185 100 347 394 359 96 448 380 187 474 43 327 447 182 453 103 94 208 227 428 353 417 383 250 385 59 344 308 369 105 345 424 360 419 152 200 298 421 234 469 198 468 204 274 341 324 108 363 269 113 449 104 166 217 292 154 23 13 342 85 460 226 264 58 221 320 328 87 397 165 471 372 98 259 335 260 191 40 407 465 352 396 146 485 337 310 286 225 326 222 52 149 39 49 172 418 131 245 459 14 403 463 122 319 203 467 384 11 25 89 233 370 6 489 188 330 3 304 470 480 317 290 402 201 235 132 16 387 296 312 128 236 336 367 78 323 458 348 163 143 244 261 316 305 442 279 171 47 291 262 338 184 484 44 473 64 36 63"
113.txt,FSSB,NEH,38220,1.47431,"162 89 261 185 479 44 117 419 482 210 208 244 166 151 340 165 303 260 451 205 339 464 492 10 372 309 326 487 54 446 45 174 342 70 182 256 390 109 234 40 78 157 426 221 463 453 114 236 411 104 413 444 240 204 83 410 486 224 248 282 232 60 243 330 196 65 305 191 368 267 202 195 186 393 233 445 384 26 251 23 491 34 86 227 222 351 327 495 246 123 441 388 402 13 37 172 108 212 119 313 356 16 352 100 365 198 360 497 389 239 269 131 21 103 440 93 160 201 259 467 357 376 257 211 396 106 350 120 11 337 230 64 170 448 310 316 425 91 115 6 69 167 353 59 30 346 379 145 153 253 73 477 378 367 181 358 178 369 199 235 159 163 317 43 71 424 266 48 209 237 12 66 72 421 279 46 263 81 247 90 288 133 77 459 80 225 312 124 465 56 287 274 164 373 127 457 28 472 423 292 362 481 273 466 41 193 52 323 431 308 49 364 345 31 58 9 478 192 460 74 197 116 168 335 252 456 366 361 324 437 483 285 50 473 231 289 51 391 158 496 27 297 293 442 428 5 96 344 435 171 354 385 19 400 499 363 381 180 241 268 97 84 377 329 265 474 480 138 112 275 286 494 254 450 280 25 76 175 349 434 149 20 415 271 188 3 270 88 355 447 325 371 452 299 173 311 226 62 408 110 417 458 194 113 147 319 328 68 318 220 8 301 82 278 53 105 438 294 146 341 144 148 154 433 137 132 489 348 436 332 142 61 139 161 213 439 298 399 4 250 468 283 412 129 18 156 219 314 42 15 307 111 443 334 291 140 476 306 302 471 14 470 331 35 258 107 359 493 370 242 184 374 218 228 416 414 403 135 128 92 177 1 321 67 343 121 17 430 102 245 87 422 238 155 150 347 55 169 277 85 2 296 217 223 300 404 136 190 249 152 33 392 462 427 262 320 7 215 484 216 394 284 406 272 398 38 99 281 214 176 380 22 229 264 187 101 95 189 134 98 395 24 420 290 122 29 207 375 401 490 315 407 333 449 130 409 200 429 179 322 118 63 203 79 455 485 382 498 500 383 94 338 47 39 461 206 336 397 75 36 125 141 405 276 143 183 126 57 304 432 32 488 469 387 386 295 418 454 255 475"
114.txt,FSSB,NEH,38802,1.43647,"117 203 414 381 479 184 73 391 301 118 498 32 447 411 254 366 355 197 14 475 60 71 172 280 318 28 253 495 412 74 115 141 182 106 248 40 285 154 487 279 273 30 404 395 185 376 455 69 66 408 308 54 352 382 67 250 13 94 161 205 436 257 237 47 12 33 492 176 96 43 362 16 108 222 81 38 52 316 349 8 265 326 6 488 164 65 463 134 9 284 445 20 368 394 104 59 264 390 77 167 329 304 179 490 418 146 49 124 296 114 163 446 419 78 26 289 299 428 174 51 500 17 271 223 249 220 158 335 348 3 98 90 370 398 234 328 452 183 433 64 260 295 293 346 261 323 37 360 399 195 178 18 272 416 153 341 15 432 217 206 388 364 244 424 107 438 466 50 160 275 474 282 493 143 393 374 365 443 386 312 461 371 61 385 1 480 103 358 325 68 186 31 392 356 262 213 157 383 268 225 151 152 449 148 324 305 311 214 317 82 149 435 380 496 252 216 444 470 122 147 396 440 458 79 300 4 156 454 25 22 331 19 93 457 236 423 402 379 451 87 88 453 39 212 372 140 127 494 21 413 95 193 471 99 417 129 473 7 63 44 11 420 333 111 48 192 198 230 400 375 278 42 406 294 468 159 138 292 228 431 270 456 132 442 165 120 315 344 84 426 200 359 190 194 85 89 361 434 277 343 246 139 491 142 489 126 276 363 191 407 373 133 34 240 259 437 345 286 351 410 448 467 211 207 484 350 224 83 497 227 97 481 199 92 170 109 188 314 367 439 145 263 330 72 91 415 267 429 245 347 353 162 298 441 255 70 55 332 303 235 210 24 58 258 327 288 155 462 269 302 485 57 384 168 233 116 297 173 177 465 320 450 340 202 2 472 208 338 247 242 169 401 357 45 86 189 321 306 80 251 105 477 201 123 221 337 499 310 281 23 425 110 464 130 290 241 204 10 430 421 483 119 319 229 215 482 256 405 486 369 196 29 53 232 125 226 422 131 144 166 409 377 135 56 136 478 287 218 76 100 313 387 36 181 209 469 239 62 339 238 427 41 397 187 113 35 459 75 283 219 336 389 342 309 27 121 378 171 180 150 231 128 102 354 291 112 322 243 175 274 266 137 334 101 476 5 403 307 46 460"
115.txt,FSSB,NEH,38381,1.80402,"271 390 102 84 299 283 348 334 17 65 411 448 326 379 36 482 145 309 202 59 57 269 242 496 3 341 382 424 31 169 373 274 29 375 71 108 265 468 227 116 329 223 121 344 317 308 91 285 124 349 330 361 20 270 93 183 413 210 120 175 447 168 320 306 464 195 86 103 14 415 241 87 206 354 336 174 443 61 314 301 22 55 327 234 115 125 208 486 364 388 248 58 358 25 128 422 239 155 300 142 156 258 16 460 150 431 392 79 353 346 75 287 224 366 123 459 222 302 41 88 238 50 255 205 481 350 171 458 228 261 167 477 307 476 12 64 49 67 384 451 483 284 220 342 405 328 440 331 454 332 148 9 7 337 324 345 414 276 492 368 30 70 225 463 130 104 377 217 163 132 253 122 385 72 173 434 374 362 310 408 363 73 297 293 465 290 442 110 315 275 416 245 419 191 141 83 286 27 381 160 278 78 77 35 444 90 303 63 393 95 184 192 38 406 469 204 395 294 100 189 18 412 401 69 321 404 54 295 6 365 198 176 68 188 51 159 280 105 244 489 66 282 256 372 147 237 133 137 89 433 485 260 207 226 196 232 180 359 335 257 154 456 98 219 47 339 453 178 212 161 472 398 340 498 214 441 452 450 396 292 138 318 162 254 407 118 478 333 475 319 157 45 243 288 351 11 94 402 429 112 263 289 281 231 114 235 247 249 305 172 139 467 409 360 343 62 187 251 213 140 267 277 81 229 46 246 316 32 170 479 421 33 34 357 461 23 194 236 144 190 259 96 177 2 371 446 325 403 370 43 369 313 455 273 497 355 428 143 101 480 230 471 216 131 28 182 268 445 493 494 21 410 262 378 394 158 135 391 264 473 26 426 296 397 427 304 500 399 126 1 449 347 400 209 164 153 186 127 134 165 272 85 420 250 311 24 111 19 39 484 197 8 490 323 74 152 136 107 432 466 82 181 491 474 423 430 298 146 76 291 322 499 417 240 13 221 119 193 418 233 438 5 117 129 211 352 106 439 425 166 56 470 367 338 266 151 113 436 10 200 37 356 199 185 487 495 380 97 387 44 203 435 218 80 109 92 457 252 53 386 383 40 437 488 376 389 48 279 462 42 179 215 4 60 201 52 149 312 99 15"
116.txt,FSSB,NEH,38544,1.45429,"369 451 348 490 456 13 14 230 25 428 229 285 283 296 362 247 207 335 377 40 116 138 324 111 108 284 471 307 419 487 219 476 152 368 172 193 363 98 445 457 234 396 176 295 155 83 177 395 393 117 196 224 326 104 39 475 243 320 381 241 61 84 89 389 123 46 63 80 424 431 498 21 473 36 217 415 432 452 446 308 231 213 60 500 402 8 153 333 103 287 280 469 313 306 430 321 399 459 142 467 194 131 294 291 109 135 273 197 137 405 17 169 38 168 282 167 400 148 264 77 43 178 18 223 279 427 70 441 356 483 75 484 67 41 496 485 7 366 110 134 179 300 145 58 125 274 52 332 225 118 78 42 156 489 249 212 442 59 413 92 82 2 388 450 50 105 339 238 101 407 319 19 261 69 141 12 347 412 85 119 183 143 64 30 216 182 16 463 468 130 252 289 253 97 205 492 312 367 443 277 384 461 278 299 210 315 259 301 240 24 346 448 464 482 298 327 209 33 9 357 26 220 479 233 170 200 437 453 79 174 120 392 20 470 491 340 133 310 175 37 160 23 495 330 354 403 434 47 292 337 361 288 258 51 260 188 245 438 121 286 163 302 325 203 149 28 481 154 86 425 91 201 10 165 232 358 208 139 316 180 107 11 382 57 250 370 102 190 192 338 406 166 420 184 242 480 477 206 374 128 3 73 271 318 386 236 397 56 391 96 248 293 144 115 81 394 251 401 4 305 383 158 373 466 421 410 433 227 202 66 87 334 146 314 34 136 112 113 352 343 290 270 189 93 408 187 90 49 474 237 239 411 151 276 486 255 127 198 364 181 269 493 244 309 173 423 99 267 159 171 22 65 185 350 345 414 488 454 35 426 372 460 54 331 71 226 44 385 265 371 360 436 379 303 494 349 157 266 378 449 106 48 435 211 88 15 499 409 164 74 129 376 228 215 341 32 462 390 272 418 444 322 124 126 275 328 440 199 365 311 214 375 268 94 447 27 359 387 297 281 195 221 55 68 114 1 304 6 53 317 256 132 218 429 147 404 62 45 186 497 76 465 353 263 342 222 29 95 478 235 422 122 472 439 150 161 100 351 458 162 140 329 5 191 355 31 380 455 257 336 204 417 72 246 344 262 398 416 323 254"
117.txt,FSSB,NEH,38113,1.63405,"464 112 422 57 22 203 106 48 490 31 303 461 291 19 159 314 271 341 275 148 72 412 441 293 9 474 346 191 311 40 74 233 209 281 205 392 250 25 333 294 329 245 66 496 497 134 147 10 336 372 46 480 211 268 131 304 255 30 218 489 160 394 409 443 50 424 389 429 368 126 279 440 413 188 198 300 91 143 155 36 132 109 39 71 83 286 455 437 177 306 376 43 492 200 426 76 451 446 380 418 201 81 331 238 467 86 146 21 226 315 189 117 229 415 475 151 225 454 360 307 445 1 35 453 287 223 3 187 434 18 427 324 393 387 301 447 479 70 431 313 410 230 486 78 113 260 322 473 388 316 416 182 292 310 500 26 173 390 266 17 251 163 319 444 178 241 242 234 252 363 49 477 257 6 4 259 145 491 127 351 210 194 219 265 364 425 197 396 116 115 305 381 273 299 212 374 452 192 144 149 54 99 53 253 485 361 23 123 267 195 367 63 398 309 476 321 135 290 337 481 162 27 216 157 494 165 263 343 102 128 420 261 369 156 282 103 499 264 249 465 206 34 141 185 24 193 365 359 20 65 51 371 482 235 463 297 68 347 483 356 397 114 339 16 326 94 456 358 328 493 423 107 174 277 283 140 11 7 352 85 312 62 472 5 213 247 276 320 278 244 355 332 224 13 495 228 379 401 384 12 338 254 52 419 237 15 95 236 484 44 432 395 38 335 448 179 42 318 79 433 33 232 180 317 221 362 207 400 488 137 208 460 449 450 202 414 92 129 408 342 75 158 120 61 272 29 487 227 399 215 240 428 302 87 478 175 246 164 130 181 411 220 59 108 100 166 378 466 256 64 183 133 142 366 14 176 167 125 442 101 41 32 58 124 468 67 258 55 457 274 47 402 204 435 498 370 439 104 239 417 186 77 170 280 243 430 199 139 262 288 383 298 2 285 90 284 354 327 28 136 248 391 382 404 349 470 458 118 150 421 89 325 438 375 330 69 105 289 93 377 153 462 350 172 56 110 119 386 295 344 340 97 98 222 152 138 231 405 459 217 296 403 184 168 373 270 471 111 406 214 357 348 154 196 169 84 323 308 37 269 334 73 121 80 45 82 171 122 353 60 407 161 345 436 190 96 385 8 88 469"
118.txt,FSSB,NEH,38430,1.46207,"6 453 478 113 159 94 457 243 485 371 14 261 421 244 277 392 416 221 107 321 468 191 120 429 105 328 184 166 488 138 13 147 342 300 307 479 319 255 93 367 389 315 467 137 58 274 414 99 343 128 213 256 3 9 78 362 90 499 449 86 472 490 384 5 223 92 260 246 412 317 369 411 450 451 500 306 200 66 393 301 68 440 370 179 259 210 427 469 331 476 284 434 435 353 498 151 308 168 404 50 481 348 271 124 95 16 394 176 483 415 417 482 62 487 109 410 164 126 419 357 390 207 376 386 2 91 108 391 155 262 140 473 115 125 249 34 333 40 88 340 441 368 314 64 293 132 323 276 209 28 150 135 204 67 424 270 494 286 311 374 285 220 238 430 10 170 397 46 233 268 35 121 426 382 230 437 432 337 442 366 377 339 290 447 127 102 359 363 491 84 420 489 225 17 470 248 474 23 273 226 346 185 464 228 409 118 341 8 130 263 456 38 400 103 55 37 242 495 156 264 334 316 332 149 180 26 399 197 205 358 145 106 89 292 65 241 20 27 345 41 380 174 352 153 312 322 76 462 281 336 320 283 201 240 129 39 177 52 257 439 192 71 189 77 372 465 4 229 304 172 403 72 116 272 148 253 97 194 85 466 351 136 29 460 475 54 350 418 73 219 291 423 496 11 193 349 347 51 59 258 433 302 231 53 206 143 45 152 381 215 49 445 247 254 227 183 33 24 458 178 187 161 98 69 218 199 47 373 360 87 279 1 455 212 134 428 436 160 110 15 139 299 329 310 405 18 444 162 239 173 190 438 388 96 186 448 252 101 266 61 117 280 298 30 31 245 396 480 119 202 167 154 25 236 48 203 395 7 493 42 309 401 165 335 288 330 74 492 297 294 83 461 141 497 182 267 251 123 158 216 80 104 63 431 21 443 211 82 44 383 398 144 22 114 484 235 169 282 224 375 208 406 237 471 157 175 463 70 111 387 122 133 234 326 278 181 163 361 232 305 75 287 81 195 222 250 379 275 355 413 265 289 79 12 296 198 217 354 60 295 171 32 142 43 269 364 338 378 131 408 422 56 477 327 100 19 452 425 486 325 196 36 407 446 318 459 454 188 57 365 214 402 385 112 303 313 344 146 356 324"
119.txt,FSSB,NEH,38405,1.4632,"355 250 36 322 64 177 350 308 444 77 181 475 76 493 291 28 262 191 187 230 339 31 186 194 154 85 394 216 479 495 434 273 328 416 21 268 242 212 342 238 412 117 293 422 441 10 84 116 24 170 486 128 315 478 35 202 469 295 484 254 311 59 476 358 460 347 88 487 467 438 297 301 468 151 329 299 456 102 222 296 150 217 485 490 382 67 81 251 402 396 386 298 123 430 148 494 499 207 267 310 49 89 309 336 171 364 45 463 66 43 78 2 349 20 324 244 300 14 433 325 378 371 178 442 445 344 340 215 182 166 139 25 379 211 105 161 104 335 120 125 275 287 320 374 330 23 276 351 385 409 483 285 399 175 40 199 113 316 428 410 253 203 359 473 118 500 252 63 395 169 42 57 338 107 200 189 30 277 79 205 95 387 80 356 294 232 153 367 209 321 144 111 48 418 361 481 397 354 106 263 206 431 257 404 289 1 362 314 372 278 366 98 272 237 184 213 373 498 228 162 448 208 183 110 156 60 142 229 248 236 383 22 288 423 370 133 369 258 160 241 411 470 305 74 426 130 131 488 167 196 482 52 168 304 179 403 127 225 163 53 119 454 307 245 391 363 260 407 261 319 457 7 39 220 15 134 223 249 227 173 334 265 121 108 26 176 129 462 17 204 392 280 447 141 99 13 92 83 58 146 425 65 126 86 458 377 405 255 172 198 55 41 284 124 317 70 27 214 390 477 115 365 72 100 210 424 16 435 180 152 90 375 421 82 61 306 400 37 497 96 97 432 103 474 114 398 138 450 69 266 491 451 337 332 87 50 279 122 136 439 34 333 417 466 459 270 38 465 449 312 46 353 5 283 415 384 389 419 286 440 164 174 51 73 109 368 427 71 188 193 12 381 464 323 292 101 135 348 313 453 62 343 471 282 145 443 195 235 137 158 112 327 224 239 437 303 380 149 290 247 219 143 352 94 185 147 190 56 221 345 140 165 452 401 218 231 18 461 331 376 54 414 192 155 19 480 318 436 243 9 341 234 393 413 91 29 269 446 4 240 455 256 326 157 489 159 8 274 11 357 33 68 271 75 6 132 472 360 420 281 302 44 93 264 496 246 233 406 32 47 226 3 388 408 429 197 201 259 492 346"
120.txt,FSSB,NEH,38549,1.43132,"339 85 283 379 406 230 360 470 380 426 188 390 458 131 4 96 480 220 313 45 268 113 193 41 282 32 150 24 479 431 291 127 414 224 129 442 92 456 226 146 460 256 477 12 309 86 413 107 84 158 182 272 338 377 245 351 348 407 264 452 184 200 468 70 25 152 293 9 111 241 225 396 17 186 54 346 44 370 160 277 116 445 424 47 315 1 447 357 296 466 364 270 314 244 486 274 322 10 278 308 180 368 217 321 196 459 204 164 207 378 142 363 148 46 437 387 13 48 66 476 169 73 415 115 38 239 365 112 276 410 297 171 255 106 472 71 55 62 191 440 168 121 332 310 211 88 242 320 257 263 189 485 366 187 433 441 428 371 248 149 493 183 18 261 214 250 500 405 402 411 323 72 246 201 421 266 398 330 249 14 412 292 489 436 68 375 104 208 247 34 155 140 469 289 126 7 316 393 288 151 498 143 259 252 450 425 304 461 474 481 108 76 305 417 122 369 37 355 11 349 205 221 61 340 90 236 384 123 299 422 359 130 35 464 133 42 408 195 254 395 302 258 114 352 429 233 327 91 100 102 175 317 306 79 136 331 462 392 228 454 487 3 19 280 453 94 388 484 231 335 181 435 345 145 497 173 381 237 251 495 174 192 190 344 499 235 105 409 179 307 451 57 432 337 298 267 93 457 234 269 52 324 74 135 49 156 33 21 172 87 490 325 77 418 336 403 341 75 271 159 285 154 128 475 243 157 95 494 404 294 40 482 496 376 80 39 391 28 273 177 78 253 2 362 240 197 284 492 448 141 449 222 118 455 488 262 109 312 210 125 167 212 51 287 50 16 389 343 350 400 36 372 176 43 386 134 215 399 22 178 5 29 69 219 58 137 383 478 194 473 311 423 98 342 227 170 59 300 138 153 438 295 443 65 89 60 99 303 463 139 416 434 6 162 444 401 132 358 373 483 27 147 185 491 144 198 30 286 8 97 318 23 117 382 64 232 31 290 356 279 385 427 63 165 67 83 82 265 319 354 223 216 103 213 120 430 334 397 394 329 281 161 333 163 471 439 203 199 420 101 166 124 326 20 328 446 56 110 238 361 206 275 119 53 347 374 465 260 353 419 209 467 367 301 202 218 229 81 26 15"
